dataset,algorithm,instance,total_runs,feasible_runs,infeasible_runs,timed_out_runs,objective_mean,objective_median,objective_mode,objective_min,objective_max,objective_variance,objective_std_dev,items_mean,items_median,items_mode,items_min,items_max,items_variance,items_std_dev,aisles_mean,aisles_median,aisles_mode,aisles_min,aisles_max,aisles_variance,aisles_std_dev,exec_time_mean,exec_time_median,exec_time_mode,exec_time_min,exec_time_max,exec_time_variance,exec_time_std_dev
a,grasp_aisle_a02_full,instance_0001.txt,5,5,0,0,13.35,13.25,13.25,13.25,13.75,0.039999999999999994,0.19999999999999998,53.4,53.0,53,53,55,0.6399999999999999,0.7999999999999999,4.0,4.0,4,4,4,0.0,0.0,34.909447799999995,32.645369,43.418846,29.710043,43.418846,25.767198570632566,5.076140125196758
a,grasp_aisle_a02_full,instance_0002.txt,5,5,0,0,2.0,2.0,2.0,2.0,2.0,0.0,0.0,2.0,2.0,2,2,2,0.0,0.0,1.0,1.0,1,1,1,0.0,0.0,0.0027731999999999995,0.002756,0.002763,0.002631,0.002966,1.1666159999999988e-08,0.00010800999953707984
a,grasp_aisle_a02_full,instance_0003.txt,5,5,0,5,8.043772893772893,8.153846153846153,8.153846153846153,7.571428571428571,8.416666666666666,0.08019173744448459,0.28318145674546663,104.4,106.0,106,101,106,4.239999999999999,2.0591260281974,13.0,13.0,13,12,14,0.4,0.6324555320336759,90.0002236,90.000089,90.000772,90.000079,90.000772,7.520103999910762e-08,0.00027422808025274803
a,grasp_aisle_a02_full,instance_0004.txt,5,5,0,0,2.8,2.8,2.8,2.8,2.8,0.0,0.0,28.0,28.0,28,28,28,0.0,0.0,10.0,10.0,10,10,10,0.0,0.0,7.188673800000001,7.144593,7.144593,6.777459,7.487535,0.06189144951455997,0.24877992184772463
a,grasp_aisle_a02_full,instance_0005.txt,5,0,5,5,0.0,0.0,0.0,0.0,0.0,0.0,0.0,0.0,0.0,0,0,0,0.0,0.0,0.0,0.0,0,0,0,0.0,0.0,0.0,0.0,0.0,0.0,0.0,0.0,0.0
a,grasp_aisle_a02_full,instance_0006.txt,5,0,5,5,0.0,0.0,0.0,0.0,0.0,0.0,0.0,0.0,0.0,0,0,0,0.0,0.0,0.0,0.0,0,0,0,0.0,0.0,0.0,0.0,0.0,0.0,0.0,0.0,0.0
a,grasp_aisle_a02_full,instance_0007.txt,5,0,5,5,0.0,0.0,0.0,0.0,0.0,0.0,0.0,0.0,0.0,0,0,0,0.0,0.0,0.0,0.0,0,0,0,0.0,0.0,0.0,0.0,0.0,0.0,0.0,0.0,0.0
a,grasp_aisle_a02_full,instance_0008.txt,5,0,5,5,0.0,0.0,0.0,0.0,0.0,0.0,0.0,0.0,0.0,0,0,0,0.0,0.0,0.0,0.0,0,0,0,0.0,0.0,0.0,0.0,0.0,0.0,0.0,0.0,0.0
a,grasp_aisle_a02_full,instance_0009.txt,5,5,0,5,2.5294331892752724,2.533333333333333,2.533333333333333,2.4516129032258065,2.6206896551724137,0.0029730298615562893,0.05452549735267244,152.2,152.0,152,152,153,0.16,0.4,60.2,60.0,60,58,62,1.7599999999999998,1.3266499161421599,90.00009359999999,90.000091,90.00009,90.00009,90.000103,2.4239999986739133e-11,4.923413448689754e-06
a,grasp_aisle_a02_full,instance_0010.txt,5,0,5,5,0.0,0.0,0.0,0.0,0.0,0.0,0.0,0.0,0.0,0,0,0,0.0,0.0,0.0,0.0,0,0,0,0.0,0.0,0.0,0.0,0.0,0.0,0.0,0.0,0.0
a,grasp_aisle_a02_full,instance_0011.txt,5,0,5,5,0.0,0.0,0.0,0.0,0.0,0.0,0.0,0.0,0.0,0,0,0,0.0,0.0,0.0,0.0,0,0,0,0.0,0.0,0.0,0.0,0.0,0.0,0.0,0.0,0.0
a,grasp_aisle_a02_full,instance_0012.txt,5,5,0,5,3.081443223443224,2.95,2.723076923076923,2.723076923076923,3.54,0.1043663141059185,0.3230577566100503,176.8,177.0,177,176,177,0.16,0.4,58.0,60.0,65,50,65,35.6,5.966573556070519,90.0000924,90.000091,90.000091,90.000082,90.000108,7.223999996036743e-11,8.499411742018823e-06
a,grasp_aisle_a02_full,instance_0013.txt,5,0,5,5,0.0,0.0,0.0,0.0,0.0,0.0,0.0,0.0,0.0,0,0,0,0.0,0.0,0.0,0.0,0,0,0,0.0,0.0,0.0,0.0,0.0,0.0,0.0,0.0,0.0
a,grasp_aisle_a02_full,instance_0014.txt,5,0,5,5,0.0,0.0,0.0,0.0,0.0,0.0,0.0,0.0,0.0,0,0,0,0.0,0.0,0.0,0.0,0,0,0,0.0,0.0,0.0,0.0,0.0,0.0,0.0,0.0,0.0
a,grasp_aisle_a02_full,instance_0015.txt,5,0,5,5,0.0,0.0,0.0,0.0,0.0,0.0,0.0,0.0,0.0,0,0,0,0.0,0.0,0.0,0.0,0,0,0,0.0,0.0,0.0,0.0,0.0,0.0,0.0,0.0,0.0
a,grasp_aisle_a02_full,instance_0016.txt,5,0,5,5,0.0,0.0,0.0,0.0,0.0,0.0,0.0,0.0,0.0,0,0,0,0.0,0.0,0.0,0.0,0,0,0,0.0,0.0,0.0,0.0,0.0,0.0,0.0,0.0,0.0
a,grasp_aisle_a02_full,instance_0017.txt,5,0,5,5,0.0,0.0,0.0,0.0,0.0,0.0,0.0,0.0,0.0,0,0,0,0.0,0.0,0.0,0.0,0,0,0,0.0,0.0,0.0,0.0,0.0,0.0,0.0,0.0,0.0
a,grasp_aisle_a02_full,instance_0018.txt,5,0,5,5,0.0,0.0,0.0,0.0,0.0,0.0,0.0,0.0,0.0,0,0,0,0.0,0.0,0.0,0.0,0,0,0,0.0,0.0,0.0,0.0,0.0,0.0,0.0,0.0,0.0
a,grasp_aisle_a02_full,instance_0019.txt,5,0,5,5,0.0,0.0,0.0,0.0,0.0,0.0,0.0,0.0,0.0,0,0,0,0.0,0.0,0.0,0.0,0,0,0,0.0,0.0,0.0,0.0,0.0,0.0,0.0,0.0,0.0
a,grasp_aisle_a02_full,instance_0020.txt,5,5,0,0,5.0,5.0,5.0,5.0,5.0,0.0,0.0,10.0,10.0,10,10,10,0.0,0.0,2.0,2.0,2,2,2,0.0,0.0,0.005037999999999999,0.004797,0.004874,0.004779,0.00596,2.1374119999999997e-07,0.00046232153313467884
a,grasp_aisle_fast_a02_full,instance_0001.txt,5,5,0,2,13.2,13.2,13.2,13.2,13.2,0.0,0.0,66.0,66.0,66,66,66,0.0,0.0,5.0,5.0,5,5,5,0.0,0.0,79.988807,77.136542,76.316299,66.491032,90.000082,80.85277495941358,8.991817111096822
a,grasp_aisle_fast_a02_full,instance_0002.txt,5,5,0,0,2.0,2.0,2.0,2.0,2.0,0.0,0.0,2.0,2.0,2,2,2,0.0,0.0,1.0,1.0,1,1,1,0.0,0.0,0.0034923999999999997,0.003934,0.002778,0.002711,0.004096,3.7666744000000003e-07,0.000613732384675927
a,grasp_aisle_fast_a02_full,instance_0003.txt,5,5,0,5,7.02940476190476,7.066666666666666,7.571428571428571,6.3125,7.571428571428571,0.2532927437641722,0.5032819724211987,105.0,106.0,106,101,106,4.0,2.0,15.0,15.0,16,14,16,0.8,0.8944271909999159,90.00009279999999,90.000092,90.000085,90.000085,90.000101,3.215999999904292e-11,5.670978751418746e-06
a,grasp_aisle_fast_a02_full,instance_0004.txt,5,5,0,0,2.8,2.8,2.8,2.8,2.8,0.0,0.0,28.0,28.0,28,28,28,0.0,0.0,10.0,10.0,10,10,10,0.0,0.0,8.3270956,8.208378,7.294299,7.294299,9.72279,0.88261836654664,0.9394777094463924
a,grasp_aisle_fast_a02_full,instance_0005.txt,5,5,0,5,32.71135136376825,32.791044776119406,32.08029197080292,31.847826086956523,33.8,0.48837060043351804,0.6988351740099507,4394.4,4394.0,4394,4394,4395,0.24000000000000005,0.48989794855663565,134.4,134.0,137,130,138,8.239999999999998,2.8705400188814645,90.00025059999999,90.000248,90.000309,90.000216,90.000309,1.0254400000470727e-09,3.202249209613569e-05
a,grasp_aisle_fast_a02_full,instance_0006.txt,5,5,0,5,27.651162438659533,27.602836879432623,27.602836879432623,26.841379310344827,28.40875912408759,0.2513049583379394,0.5013032598516983,3892.0,3892.0,3892,3892,3892,0.0,0.0,140.8,141.0,141,137,145,6.56,2.5612496949731396,90.0002576,90.00026,90.000229,90.000229,90.000283,3.8383999996377517e-10,1.9591835033089044e-05
a,grasp_aisle_fast_a02_full,instance_0007.txt,5,5,0,5,26.809086812214513,26.53103448275862,27.091549295774648,25.993243243243242,28.080291970802918,0.5300102986225883,0.7280180620167251,3847.0,3847.0,3847,3847,3847,0.0,0.0,143.6,145.0,142,137,148,14.639999999999997,3.826225293941798,90.0002378,90.000241,90.000264,90.000215,90.000264,2.7016000006372985e-10,1.643654465098215e-05
a,grasp_aisle_fast_a02_full,instance_0008.txt,5,5,0,5,21.914953411347692,21.846153846153847,21.6793893129771,21.6793893129771,22.35433070866142,0.06377541487668711,0.2525379473993703,2839.8,2840.0,2840,2839,2840,0.15999999999999998,0.39999999999999997,129.6,130.0,131,127,131,2.2399999999999998,1.4966629547095764,90.0001788,90.000179,90.000207,90.000153,90.000207,3.09760000088869e-10,1.7600000002524688e-05
a,grasp_aisle_fast_a02_full,instance_0009.txt,5,5,0,5,2.241040484040926,2.25,2.467741935483871,2.0684931506849313,2.467741935483871,0.02180898486124936,0.14767865404739225,152.2,153.0,153,151,153,0.96,0.9797958971132712,68.2,68.0,73,62,73,18.96,4.354308211415448,90.00009659999999,90.000097,90.000104,90.00009,90.000104,2.983999998574669e-11,5.4626001121944385e-06
a,grasp_aisle_fast_a02_full,instance_0010.txt,5,5,0,5,5.9652199906313115,5.97945205479452,5.97945205479452,5.8006644518272426,6.147887323943662,0.01260405997982764,0.11226780473416072,1746.0,1746.0,1746,1746,1746,0.0,0.0,292.8,292.0,292,284,301,30.160000000000004,5.491812087098393,90.000181,90.000189,90.000189,90.000157,90.000202,3.411999999880925e-10,1.8471599822107788e-05
a,grasp_aisle_fast_a02_full,instance_0011.txt,5,5,0,5,6.932213935281179,6.928813559322034,6.928813559322034,6.816666666666666,7.076124567474048,0.009454068235751383,0.09723203297139983,2044.6,2045.0,2045,2044,2045,0.24,0.4898979485566356,295.0,295.0,295,289,300,17.2,4.147288270665544,90.000163,90.000161,90.000161,90.000153,90.000172,5.480000001318804e-11,7.402702210219457e-06
a,grasp_aisle_fast_a02_full,instance_0012.txt,5,5,0,5,2.639271708683473,2.6029411764705883,2.6029411764705883,2.5142857142857142,2.8095238095238093,0.009599515100157694,0.09797711518593356,176.6,177.0,177,176,177,0.24,0.4898979485566356,67.0,68.0,68,63,70,5.6,2.3664319132398464,90.0001212,90.000122,90.000112,90.000112,90.000134,6.616000000925836e-11,8.133879763634225e-06
a,grasp_aisle_fast_a02_full,instance_0013.txt,5,5,0,5,12.781229485478148,12.766016713091922,12.766016713091922,12.590659340659341,12.909859154929578,0.012371382104653335,0.11122671488744659,4583.0,4583.0,4583,4583,4583,0.0,0.0,358.6,359.0,359,355,364,9.84,3.1368774282716245,90.0003356,90.000317,90.000313,90.000302,90.000404,1.3410400000132295e-09,3.662021299792274e-05
a,grasp_aisle_fast_a02_full,instance_0014.txt,5,5,0,5,20.527967004599432,20.52785145888594,20.473544973544975,20.473544973544975,20.58244680851064,0.0023719252694807237,0.04870241543784788,7739.0,7739.0,7739,7739,7739,0.0,0.0,377.0,377.0,378,376,378,0.8,0.8944271909999159,90.00049399999999,90.000447,90.000422,90.000386,90.000763,1.8636400000590677e-08,0.0001365152006209956
a,grasp_aisle_fast_a02_full,instance_0015.txt,5,5,0,5,10.802588423311898,10.788856304985337,10.916913946587536,10.632947976878613,10.916913946587536,0.011431448719530552,0.10691795321427806,3679.0,3679.0,3679,3679,3679,0.0,0.0,340.6,341.0,337,337,346,11.440000000000001,3.3823069050575527,90.0002694,90.000267,90.000253,90.000253,90.000286,1.546400000342777e-10,1.2435433246746078e-05
a,grasp_aisle_fast_a02_full,instance_0016.txt,5,5,0,5,18.63161924119241,19.055555555555557,21.4375,16.333333333333332,21.4375,3.576446711797067,1.8911495741471818,686.0,686.0,686,686,686,0.0,0.0,37.2,36.0,32,32,42,14.16,3.7629775444453557,90.000132,90.000132,90.00012,90.00012,90.000142,5.280000000623404e-11,7.266360850262946e-06
a,grasp_aisle_fast_a02_full,instance_0017.txt,5,5,0,5,8.06340579710145,8.333333333333334,8.333333333333334,7.291666666666667,8.75,0.28389519008611636,0.5328181585551645,175.0,175.0,175,175,175,0.0,0.0,21.8,21.0,21,20,24,2.16,1.469693845669907,90.00009079999998,90.000086,90.000081,90.000079,90.000111,1.4096000005560657e-10,1.1872657666066455e-05
a,grasp_aisle_fast_a02_full,instance_0018.txt,5,5,0,5,16.935022807741024,16.73611111111111,15.855263157894736,15.855263157894736,18.828125,1.0429499566266827,1.021249213770411,1205.0,1205.0,1205,1205,1205,0.0,0.0,71.4,72.0,76,64,76,16.640000000000004,4.079215610874228,90.00022700000001,90.000225,90.000254,90.000196,90.000254,3.9999999993560773e-10,1.9999999998390192e-05
a,grasp_aisle_fast_a02_full,instance_0019.txt,5,5,0,5,10.002778191222603,10.090909090909092,10.090909090909092,9.514285714285714,10.51578947368421,0.1276709982490738,0.3573107866396896,999.0,999.0,999,999,999,0.0,0.0,100.0,99.0,99,95,105,12.8,3.5777087639996634,90.0001256,90.000122,90.00017,90.000102,90.00017,6.054400000146402e-10,2.4605690399065014e-05
a,grasp_aisle_fast_a02_full,instance_0020.txt,5,5,0,0,5.0,5.0,5.0,5.0,5.0,0.0,0.0,9.0,10.0,10,5,10,4.0,2.0,1.8,2.0,2,1,2,0.16000000000000006,0.4000000000000001,0.006912799999999999,0.007055,0.006926,0.006081,0.007321,1.9016896000000016e-07,0.0004360836616980739
a,grasp_aisle_fast_a03_swap,instance_0001.txt,5,5,0,4,11.673333333333336,11.333333333333334,11.333333333333334,11.166666666666666,13.2,0.5868444444444438,0.7660577291852383,67.4,68.0,68,66,68,0.64,0.8,5.8,6.0,6,5,6,0.15999999999999998,0.39999999999999997,89.6209024,90.000089,90.0001,88.104144,90.0001,0.5751390110218383,0.7583792000192504
a,grasp_aisle_fast_a03_swap,instance_0002.txt,5,5,0,0,2.0,2.0,2.0,2.0,2.0,0.0,0.0,2.0,2.0,2,2,2,0.0,0.0,1.0,1.0,1,1,1,0.0,0.0,0.007985800000000001,0.007935,0.007976,0.007896,0.008204,1.2589759999999967e-08,0.00011220409974684511
a,grasp_aisle_fast_a03_swap,instance_0003.txt,5,5,0,5,7.137315233785822,7.384615384615385,7.5,6.235294117647059,7.5,0.22857423157684006,0.47809437517799774,103.6,105.0,106,96,106,14.640000000000004,3.826225293941799,14.6,14.0,14,13,17,1.8399999999999999,1.3564659966250536,90.00010440000001,90.000107,90.000096,90.000096,90.000112,3.543999999043859e-11,5.953150425651832e-06
a,grasp_aisle_fast_a03_swap,instance_0004.txt,5,5,0,0,2.5,2.5,2.5,2.5,2.5,0.0,0.0,40.0,40.0,40,40,40,0.0,0.0,16.0,16.0,16,16,16,0.0,0.0,2.9141344,2.663695,2.316168,2.316168,3.74497,0.29816909724744,0.5460486216880691
a,grasp_aisle_fast_a03_swap,instance_0005.txt,5,5,0,5,32.517583120204606,32.31617647058823,32.31617647058823,31.840579710144926,33.29545454545455,0.4291824218370782,0.6551201583198903,4394.6,4395.0,4395,4394,4395,0.24000000000000005,0.48989794855663565,135.2,136.0,132,132,138,7.359999999999999,2.7129319932501073,90.0002708,90.000263,90.000236,90.000231,90.000352,1.890160000194024e-09,4.347597037668077e-05
a,grasp_aisle_fast_a03_swap,instance_0006.txt,5,5,0,5,27.882849561134925,27.8,28.202898550724637,27.408450704225352,28.202898550724637,0.0887290172944799,0.29787416352292106,3892.0,3892.0,3892,3892,3892,0.0,0.0,139.6,140.0,138,138,142,2.2399999999999998,1.4966629547095764,90.00029620000001,90.000291,90.000291,90.000261,90.000337,7.461600000828273e-10,2.7315929420080644e-05
a,grasp_aisle_fast_a03_swap,instance_0007.txt,5,5,0,5,27.208982607227284,27.28368794326241,27.28368794326241,26.71527777777778,27.478571428571428,0.0666330505823707,0.25813378427158795,3847.0,3847.0,3847,3847,3847,0.0,0.0,141.4,141.0,141,140,144,1.8399999999999999,1.3564659966250536,90.00026039999999,90.000255,90.000248,90.000211,90.000319,1.2262400002689062e-09,3.501770980902244e-05
a,grasp_aisle_fast_a03_swap,instance_0008.txt,5,5,0,5,21.61516605600694,21.671755725190838,21.515151515151516,21.19402985074627,22.015503875968992,0.07099119985000933,0.26644173819056455,2839.8,2840.0,2840,2839,2840,0.15999999999999998,0.39999999999999997,131.4,131.0,131,129,134,2.6399999999999997,1.624807680927192,90.00021620000001,90.000189,90.000179,90.000174,90.000321,2.9781599998569875e-09,5.457252055620106e-05
a,grasp_aisle_fast_a03_swap,instance_0009.txt,5,5,0,5,2.9582119228480415,3.0,3.0,2.7818181818181817,3.122448979591837,0.013336358032824186,0.1154831504282083,153.0,153.0,153,153,153,0.0,0.0,51.8,51.0,51,49,55,4.160000000000001,2.039607805437114,90.0001048,90.000102,90.000102,90.000089,90.000122,1.3976000001391754e-10,1.1822013365493948e-05
a,grasp_aisle_fast_a03_swap,instance_0010.txt,5,5,0,5,5.928028341993388,5.97945205479452,5.82,5.82,6.020689655172414,0.007950136420443253,0.08916353750521147,1746.0,1746.0,1746,1746,1746,0.0,0.0,294.6,292.0,300,290,300,19.84,4.454211490264018,90.00017319999999,90.000154,90.000154,90.000148,90.000212,7.353600002271748e-10,2.711752201487398e-05
a,grasp_aisle_fast_a03_swap,instance_0011.txt,5,5,0,5,6.869052991871054,6.816666666666666,6.816666666666666,6.704918032786885,7.027491408934708,0.013947022681603333,0.11809751344377803,2045.0,2045.0,2045,2045,2045,0.0,0.0,297.8,300.0,300,291,305,26.160000000000004,5.114684741017769,90.0001664,90.000162,90.000177,90.000139,90.000199,4.1503999982442026e-10,2.037253052088572e-05
a,grasp_aisle_fast_a03_swap,instance_0012.txt,5,5,0,5,2.319909611699532,2.3157894736842106,2.3157894736842106,2.1463414634146343,2.5652173913043477,0.018873585606075462,0.13738116903737377,176.2,176.0,176,176,177,0.16,0.4,76.2,76.0,76,69,82,17.759999999999998,4.214261501141095,90.0001116,90.00011,90.00013,90.00009,90.00013,1.834399999582007e-10,1.3544002361126519e-05
a,grasp_aisle_fast_a03_swap,instance_0013.txt,5,5,0,5,12.61852201315767,12.62534435261708,12.660220994475138,12.556164383561644,12.660220994475138,0.0016377913778225603,0.04046963525685104,4583.0,4583.0,4583,4583,4583,0.0,0.0,363.2,363.0,362,362,365,1.3599999999999999,1.16619037896906,90.00041339999999,90.000399,90.000417,90.00032,90.000597,9.79143999999584e-09,9.895170539205395e-05
a,grasp_aisle_fast_a03_swap,instance_0014.txt,5,5,0,5,20.52831503810952,20.473544973544975,20.473544973544975,20.41952506596306,20.692513368983956,0.009545223682629302,0.09769966060652055,7739.0,7739.0,7739,7739,7739,0.0,0.0,377.0,378.0,378,374,379,3.2,1.7888543819998317,90.0005106,90.000564,90.000585,90.000384,90.000595,7.77304000002645e-09,8.816484560201107e-05
a,grasp_aisle_fast_a03_swap,instance_0015.txt,5,5,0,5,10.719747973794636,10.725947521865889,10.725947521865889,10.694767441860465,10.757309941520468,0.0005471648326880495,0.023391554730031298,3679.0,3679.0,3679,3679,3679,0.0,0.0,343.2,343.0,343,342,344,0.56,0.7483314773547883,90.0003154,90.000318,90.000267,90.000267,90.000359,1.0906400002112455e-09,3.302483913982391e-05
a,grasp_aisle_fast_a03_swap,instance_0016.txt,5,5,0,5,17.452651936372867,17.58974358974359,17.58974358974359,15.953488372093023,18.54054054054054,0.697475074362778,0.8351497317025122,686.0,686.0,686,686,686,0.0,0.0,39.4,39.0,39,37,43,3.8400000000000007,1.9595917942265426,90.0001154,90.000114,90.000105,90.000105,90.000129,6.183999998787127e-11,7.86384129976383e-06
a,grasp_aisle_fast_a03_swap,instance_0017.txt,5,5,0,5,8.307308377896614,7.954545454545454,7.954545454545454,7.0,10.294117647058824,1.1812053850871096,1.0868327309605235,175.0,175.0,175,175,175,0.0,0.0,21.4,22.0,22,17,25,6.640000000000001,2.5768197453450252,90.0001022,90.000108,90.000094,90.00009,90.00011,7.135999998527463e-11,8.447484831905567e-06
a,grasp_aisle_fast_a03_swap,instance_0018.txt,5,5,0,5,16.305229410863213,16.283783783783782,16.971830985915492,15.64935064935065,16.971830985915492,0.3499058268503393,0.5915283821173244,1205.0,1205.0,1205,1205,1205,0.0,0.0,74.0,74.0,71,71,77,7.2,2.6832815729997477,90.00018399999999,90.000182,90.000182,90.000139,90.000239,1.074799999762586e-09,3.278414250461015e-05
a,grasp_aisle_fast_a03_swap,instance_0019.txt,5,5,0,5,9.925760725686784,9.891089108910892,10.627659574468085,9.514285714285714,10.627659574468085,0.153939408224348,0.39235112874101435,999.0,999.0,999,999,999,0.0,0.0,100.8,101.0,94,94,105,14.959999999999999,3.867815921162743,90.0001278,90.000111,90.0001,90.0001,90.000216,1.971359999702149e-09,4.439999999664582e-05
a,grasp_aisle_fast_a03_swap,instance_0020.txt,5,5,0,0,5.0,5.0,5.0,5.0,5.0,0.0,0.0,10.0,10.0,10,10,10,0.0,0.0,2.0,2.0,2,2,2,0.0,0.0,0.005906799999999999,0.005864,0.006012,0.005625,0.006201,3.689176e-08,0.000192072278062192
a,grasp_size_a01_swap,instance_0001.txt,5,5,0,1,10.4,10.4,10.4,10.4,10.4,0.0,0.0,52.0,52.0,52,52,52,0.0,0.0,5.0,5.0,5,5,5,0.0,0.0,65.5700364,60.22176,54.380331,47.686003,90.000077,234.0637316333191,15.299141532560547
a,grasp_size_a01_swap,instance_0002.txt,5,5,0,0,2.0,2.0,2.0,2.0,2.0,0.0,0.0,2.0,2.0,2,2,2,0.0,0.0,1.0,1.0,1,1,1,0.0,0.0,0.0040866,0.004062,0.004165,0.004004,0.004165,3.921440000000008e-09,6.262140209225603e-05
a,grasp_size_a01_swap,instance_0003.txt,5,5,0,5,10.304761904761904,10.5,10.5,9.857142857142858,10.5,0.06675736961451242,0.25837447554762916,63.8,63.0,63,61,69,7.359999999999999,2.7129319932501073,6.2,6.0,6,6,7,0.15999999999999998,0.39999999999999997,90.0000848,90.000085,90.000085,90.000073,90.000095,7.13600000216544e-11,8.447484834058857e-06
a,grasp_size_a01_swap,instance_0004.txt,5,5,0,0,2.6363636363636362,2.6363636363636362,2.6363636363636362,2.6363636363636362,2.6363636363636362,0.0,0.0,29.0,29.0,29,29,29,0.0,0.0,11.0,11.0,11,11,11,0.0,0.0,3.4889278,3.646819,3.009404,3.009404,3.888947,0.12431649480535997,0.3525854432692308
a,grasp_size_a01_swap,instance_0005.txt,5,5,0,5,35.444698043363296,35.443548387096776,35.16,35.16,36.01639344262295,0.09778884494869969,0.312712079953269,4394.8,4395.0,4395,4394,4395,0.15999999999999998,0.39999999999999997,124.0,124.0,125,122,125,1.2,1.0954451150103321,90.0001672,90.000169,90.000181,90.000147,90.000181,1.2496000001248017e-10,1.1178550890543915e-05
a,grasp_size_a01_swap,instance_0006.txt,5,5,0,5,32.436960193798775,32.16528925619835,32.16528925619835,32.16528925619835,32.983050847457626,0.1183898849402889,0.3440783122201818,3892.0,3892.0,3892,3892,3892,0.0,0.0,120.0,121.0,121,118,121,1.6,1.2649110640673518,90.0001734,90.000161,90.000157,90.000157,90.000202,3.2103999999553065e-10,1.7917589123415312e-05
a,grasp_size_a01_swap,instance_0007.txt,5,5,0,5,28.627715426415115,28.496296296296297,28.28676470588235,28.28676470588235,29.143939393939394,0.12090387039553337,0.3477123385724662,3847.0,3847.0,3847,3847,3847,0.0,0.0,134.4,135.0,136,132,136,2.6399999999999997,1.624807680927192,90.0001904,90.000188,90.000188,90.000148,90.000235,7.874400001381368e-10,2.806136133793471e-05
a,grasp_size_a01_swap,instance_0008.txt,5,5,0,5,32.27439446773039,32.27272727272727,32.27272727272727,31.910112359550563,32.64367816091954,0.0538160478025788,0.23198286101041776,2840.0,2840.0,2840,2840,2840,0.0,0.0,88.0,88.0,88,87,89,0.4,0.6324555320336759,90.0001458,90.000148,90.000143,90.000123,90.000163,1.7335999998749927e-10,1.3166624472031518e-05
a,grasp_size_a01_swap,instance_0009.txt,5,5,0,5,3.8021733053808524,4.037037037037037,4.037037037037037,2.8867924528301887,4.05,0.20975950435622126,0.45799509206564787,108.0,109.0,109,81,153,631.2,25.12369399590753,29.8,27.0,27,20,53,142.16000000000003,11.923086848631105,90.0000934,90.000089,90.000089,90.000083,90.000114,1.2183999996343315e-10,1.1038115779580913e-05
a,grasp_size_a01_swap,instance_0010.txt,5,5,0,5,6.253977660841932,6.258064516129032,6.303249097472924,6.169611307420495,6.303249097472924,0.0024646567564370735,0.04964530951094044,1746.0,1746.0,1746,1746,1746,0.0,0.0,279.2,279.0,277,277,283,4.96,2.227105745132009,90.0001474,90.00015,90.00015,90.000117,90.000183,6.138400000336152e-10,2.477579463980147e-05
a,grasp_size_a01_swap,instance_0011.txt,5,5,0,5,7.267622449965015,7.277580071174377,7.277580071174377,7.175438596491228,7.329749103942652,0.002800054149843805,0.05291553788674745,2045.0,2045.0,2045,2045,2045,0.0,0.0,281.4,281.0,281,279,285,4.24,2.0591260281974,90.0001552,90.000156,90.000161,90.000143,90.00017,9.736000002224375e-11,9.867117107962373e-06
a,grasp_size_a01_swap,instance_0012.txt,5,5,0,5,3.484470588235294,3.4705882352941178,3.4705882352941178,3.4705882352941178,3.54,0.0007708788927335624,0.027764705882352914,177.0,177.0,177,177,177,0.0,0.0,50.8,51.0,51,50,51,0.16,0.4,90.0001112,90.000112,90.000112,90.000097,90.000128,1.2056000005743538e-10,1.0979981787664103e-05
a,grasp_size_a01_swap,instance_0013.txt,5,5,0,5,12.889286972161173,12.837535014005603,12.766016713091922,12.766016713091922,13.056980056980057,0.015649310092939996,0.125097202578395,4583.0,4583.0,4583,4583,4583,0.0,0.0,355.6,357.0,359,351,359,11.84,3.4409301068170506,90.0003154,90.000314,90.00044,90.000224,90.00044,5.202239999788236e-09,7.212655544103181e-05
a,grasp_size_a01_swap,instance_0014.txt,5,5,0,5,20.430728455941626,20.41952506596306,20.31233595800525,20.31233595800525,20.58244680851064,0.008642216723437797,0.0929635236178029,7739.0,7739.0,7739,7739,7739,0.0,0.0,378.8,379.0,381,376,381,2.96,1.7204650534085253,90.00044439999999,90.000475,90.000475,90.000324,90.000547,6.846639999644118e-09,8.274442579197779e-05
a,grasp_size_a01_swap,instance_0015.txt,5,5,0,5,10.777198608988645,10.788856304985337,10.916913946587536,10.632947976878613,10.916913946587536,0.010586165959439368,0.10288909543503319,3679.0,3679.0,3679,3679,3679,0.0,0.0,341.4,341.0,337,337,346,10.64,3.2619012860600183,90.0002066,90.000207,90.000227,90.000177,90.000227,3.238400000882577e-10,1.7995555009175394e-05
a,grasp_size_a01_swap,instance_0016.txt,5,5,0,5,9.583692841983407,9.661971830985916,9.397260273972602,9.397260273972602,9.8,0.02571163833558645,0.160348490281594,686.0,686.0,686,686,686,0.0,0.0,71.6,71.0,73,70,73,1.44,1.2,90.000114,90.000108,90.000108,90.000095,90.000154,4.227999999000596e-10,2.0562101057529594e-05
a,grasp_size_a01_swap,instance_0017.txt,5,5,0,5,3.616704660587639,3.5714285714285716,3.5714285714285716,3.5714285714285716,3.723404255319149,0.0036766111680827337,0.06063506549912133,175.0,175.0,175,175,175,0.0,0.0,48.4,49.0,49,47,49,0.6399999999999999,0.7999999999999999,90.0001022,90.000107,90.000092,90.000092,90.00011,6.376000000091358e-11,7.984985911128057e-06
a,grasp_size_a01_swap,instance_0018.txt,5,5,0,5,15.61243423243423,15.448717948717949,15.448717948717949,15.448717948717949,16.066666666666666,0.05761979816165623,0.24004124262646248,1205.0,1205.0,1205,1205,1205,0.0,0.0,77.2,78.0,78,75,78,1.3599999999999999,1.16619037896906,90.00018459999998,90.000164,90.000163,90.000163,90.000263,1.543440000145129e-09,3.928663895200414e-05
a,grasp_size_a01_swap,instance_0019.txt,5,5,0,5,10.428609603906674,10.40625,10.40625,10.29896907216495,10.51578947368421,0.006601446126572021,0.08124928385267172,999.0,999.0,999,999,999,0.0,0.0,95.8,96.0,96,95,97,0.5599999999999999,0.7483314773547882,90.0001272,90.000125,90.000115,90.000109,90.000145,2.0416000007526402e-10,1.4288456882227136e-05
a,grasp_size_a01_swap,instance_0020.txt,5,5,0,0,4.5,4.5,4.5,4.5,4.5,0.0,0.0,9.0,9.0,9,9,9,0.0,0.0,2.0,2.0,2,2,2,0.0,0.0,0.004274399999999999,0.004255,0.00425,0.004248,0.004322,8.890399999999984e-10,2.9816773802676883e-05
a,grasp_size_a03_nols,instance_0001.txt,5,5,0,0,5.371794871794871,5.230769230769231,5.230769230769231,5.230769230769231,5.583333333333333,0.029832347140039385,0.17272043058086495,67.6,68.0,68,67,68,0.24,0.4898979485566356,12.6,13.0,13,12,13,0.24000000000000005,0.48989794855663565,0.11702699999999999,0.108412,0.072249,0.072249,0.158637,0.0008625205228000001,0.02936869971244897
a,grasp_size_a03_nols,instance_0002.txt,5,5,0,0,2.0,2.0,2.0,2.0,2.0,0.0,0.0,2.0,2.0,2,2,2,0.0,0.0,1.0,1.0,1,1,1,0.0,0.0,0.0024612,0.001878,0.001841,0.001841,0.003772,6.176629600000001e-07,0.0007859153644000097
a,grasp_size_a03_nols,instance_0003.txt,5,5,0,0,5.0476190476190474,5.0476190476190474,5.0476190476190474,5.0476190476190474,5.0476190476190474,0.0,0.0,106.0,106.0,106,106,106,0.0,0.0,21.0,21.0,21,21,21,0.0,0.0,0.21527780000000002,0.208483,0.172242,0.172242,0.28579,0.0014603391097599994,0.03821438354546622
a,grasp_size_a03_nols,instance_0004.txt,5,5,0,0,2.1052631578947367,2.1052631578947367,2.1052631578947367,2.1052631578947367,2.1052631578947367,0.0,0.0,40.0,40.0,40,40,40,0.0,0.0,19.0,19.0,19,19,19,0.0,0.0,0.10707499999999999,0.11055,0.11055,0.084978,0.11842,0.0001416120848,0.011900087596316255
a,grasp_size_a03_nols,instance_0005.txt,5,5,0,0,36.089073614251774,36.02459016393443,35.73170731707317,35.73170731707317,36.9327731092437,0.195113281859515,0.44171629114117467,4395.0,4395.0,4395,4395,4395,0.0,0.0,121.8,122.0,123,119,123,2.1599999999999997,1.4696938456699067,63.2265142,68.664768,36.107012,36.107012,71.774599,185.42373626154412,13.61703845414061
a,grasp_size_a03_nols,instance_0006.txt,5,5,0,5,32.38332922291699,32.43333333333333,32.43333333333333,31.901639344262296,32.983050847457626,0.1288466830687517,0.35895220164912167,3892.0,3892.0,3892,3892,3892,0.0,0.0,120.2,120.0,120,118,122,1.7599999999999998,1.3266499161421599,90.0007638,90.000752,90.000588,90.000588,90.000913,1.2712960000036513e-08,0.00011275176273582828
a,grasp_size_a03_nols,instance_0007.txt,5,5,0,5,29.01246297562087,28.924812030075188,28.924812030075188,28.924812030075188,29.143939393939394,0.011524032382578337,0.10735004602969826,3847.0,3847.0,3847,3847,3847,0.0,0.0,132.6,133.0,133,132,133,0.24,0.4898979485566356,90.00052159999998,90.000536,90.000536,90.000429,90.000615,6.148640000041156e-09,7.841326418432761e-05
a,grasp_size_a03_nols,instance_0008.txt,5,5,0,0,30.07919372900336,30.20212765957447,30.20212765957447,29.88421052631579,30.21276595744681,0.024021967047422443,0.15499021597321053,2839.4,2839.0,2839,2839,2840,0.24,0.4898979485566356,94.4,94.0,94,94,95,0.24,0.4898979485566356,28.768349999999998,28.581546,31.081223,27.02007,31.081223,2.1937733398732,1.4811392034083766
a,grasp_size_a03_nols,instance_0009.txt,5,5,0,0,3.0,3.0,3.0,3.0,3.0,0.0,0.0,153.0,153.0,153,153,153,0.0,0.0,51.0,51.0,51,51,51,0.0,0.0,1.6259219999999999,1.729494,1.220718,1.220718,1.736981,0.04111167521400001,0.20276014207432388
a,grasp_size_a03_nols,instance_0010.txt,5,5,0,0,6.000028341993387,6.0,6.0,5.97945205479452,6.020689655172414,0.0001700551733955705,0.013040520441898419,1746.0,1746.0,1746,1746,1746,0.0,0.0,291.0,291.0,291,290,292,0.4,0.6324555320336759,61.26861140000001,59.083838,59.083838,58.259003,65.60071,10.30499879529185,3.210139996213849
a,grasp_size_a03_nols,instance_0011.txt,5,5,0,0,7.056604223839638,7.051724137931035,7.051724137931035,7.051724137931035,7.076124567474048,9.526095390137117e-05,0.009760171817205432,2045.0,2045.0,2045,2045,2045,0.0,0.0,289.8,290.0,290,289,290,0.16000000000000003,0.4,54.0282514,56.313088,57.33793,43.672572,59.25439,30.18865448372943,5.494420304611709
a,grasp_size_a03_nols,instance_0012.txt,5,5,0,0,3.608680272108843,3.6122448979591835,3.6122448979591835,3.54,3.6666666666666665,0.001623504280623809,0.04029273235490253,176.8,177.0,177,176,177,0.16,0.4,49.0,49.0,49,48,50,0.4,0.6324555320336759,0.9257758,0.978647,0.903036,0.59594,1.158817,0.03417126007736,0.18485469990606135
a,grasp_size_a03_nols,instance_0013.txt,5,5,0,5,12.76609595590206,12.766016713091922,12.730555555555556,12.730555555555556,12.80167597765363,0.0010116244577373919,0.03180604435853965,4583.0,4583.0,4583,4583,4583,0.0,0.0,359.0,359.0,360,358,360,0.8,0.8944271909999159,90.0008466,90.000927,90.000933,90.000679,90.000956,1.315624000007531e-08,0.00011470065387815062
a,grasp_size_a03_nols,instance_0014.txt,5,5,0,5,20.46302757460138,20.41952506596306,20.41952506596306,20.36578947368421,20.58244680851064,0.006340654837368861,0.07962822889760177,7739.0,7739.0,7739,7739,7739,0.0,0.0,378.2,379.0,379,376,380,2.16,1.469693845669907,90.000806,90.000833,90.000778,90.000635,90.000949,1.0408800000123093e-08,0.0001020235266991055
a,grasp_size_a03_nols,instance_0015.txt,5,5,0,5,10.620832473936442,10.632947976878613,10.57183908045977,10.57183908045977,10.663768115942029,0.0017268858658251386,0.0415558162695084,3679.0,3679.0,3679,3679,3679,0.0,0.0,346.4,346.0,348,345,348,1.8399999999999999,1.3564659966250536,90.000517,90.000493,90.000493,90.00031,90.000763,2.2798800000633065e-08,0.00015099271505815458
a,grasp_size_a03_nols,instance_0016.txt,5,5,0,0,9.886052855924978,9.8,9.8,9.8,10.088235294117647,0.013245269487015576,0.11508809446252717,686.0,686.0,686,686,686,0.0,0.0,69.4,70.0,70,68,70,0.64,0.8,30.897385199999995,30.1433,30.1433,29.702531,32.604467,1.367290565632959,1.1693120052547818
a,grasp_size_a03_nols,instance_0017.txt,5,5,0,0,4.1907797487065785,4.166666666666667,4.166666666666667,3.977272727272727,4.375,0.017338697122105284,0.13167648659538758,175.0,175.0,175,175,175,0.0,0.0,41.8,42.0,42,40,44,1.7599999999999998,1.3266499161421599,3.5323501999999998,3.504442,3.916569,3.241189,3.916569,0.05115783506536002,0.22618097856663372
a,grasp_size_a03_nols,instance_0018.txt,5,5,0,4,16.417623102554607,16.506849315068493,16.506849315068493,16.283783783783782,16.506849315068493,0.011941975499359238,0.1092793461700757,1205.0,1205.0,1205,1205,1205,0.0,0.0,73.4,73.0,73,73,74,0.24,0.4898979485566356,87.55264160000002,90.00018,77.762438,77.762438,90.000231,23.96202163281143,4.895101800045779
a,grasp_size_a03_nols,instance_0019.txt,5,5,0,0,10.650514756348661,10.627659574468085,10.627659574468085,10.627659574468085,10.741935483870968,0.002089437355176944,0.04571036376115316,999.0,999.0,999,999,999,0.0,0.0,93.8,94.0,94,93,94,0.16,0.4,61.413678399999995,61.390912,64.013082,58.572059,64.127797,5.639385415957833,2.374739020599492
a,grasp_size_a03_nols,instance_0020.txt,5,5,0,0,4.0,4.0,4.0,4.0,4.0,0.0,0.0,12.0,12.0,12,12,12,0.0,0.0,3.0,3.0,3,3,3,0.0,0.0,0.006245,0.00527,0.005265,0.004998,0.010402,4.331741599999999e-06,0.002081283642370736
a,grasp_size_a03_swap,instance_0001.txt,5,5,0,0,10.959999999999999,11.0,10.4,10.4,12.0,0.3423999999999998,0.5851495535331116,52.4,52.0,52,48,55,6.640000000000001,2.5768197453450252,4.8,5.0,5,4,5,0.15999999999999998,0.39999999999999997,71.02622039999999,68.139864,56.486672,56.486672,89.921797,117.90511206835063,10.85841204174674
a,grasp_size_a03_swap,instance_0002.txt,5,5,0,0,2.0,2.0,2.0,2.0,2.0,0.0,0.0,2.0,2.0,2,2,2,0.0,0.0,1.0,1.0,1,1,1,0.0,0.0,0.003993999999999999,0.003957,0.003924,0.003895,0.004181,1.027999999999998e-08,0.00010139033484509251
a,grasp_size_a03_swap,instance_0003.txt,5,5,0,5,10.238095238095237,10.5,10.5,9.833333333333334,10.5,0.10294784580498847,0.32085486719853334,63.4,63.0,63,59,69,10.24,3.2,6.2,6.0,6,6,7,0.15999999999999998,0.39999999999999997,90.00008439999999,90.000087,90.000072,90.000072,90.000097,9.703999995564751e-11,9.850888282568609e-06
a,grasp_size_a03_swap,instance_0004.txt,5,5,0,0,2.8,2.8,2.8,2.8,2.8,0.0,0.0,28.0,28.0,28,28,28,0.0,0.0,10.0,10.0,10,10,10,0.0,0.0,3.4911614,3.275653,3.93485,2.374239,4.873452,0.7290272835706401,0.8538309455452174
a,grasp_size_a03_swap,instance_0005.txt,5,5,0,5,35.4428704956727,35.443548387096776,35.443548387096776,35.152,35.73170731707317,0.033606746651991794,0.18332142987657443,4394.8,4395.0,4395,4394,4395,0.15999999999999998,0.39999999999999997,124.0,124.0,124,123,125,0.4,0.6324555320336759,90.0001616,90.000167,90.000169,90.000146,90.000169,8.063999999980602e-11,8.979977728246659e-06
a,grasp_size_a03_swap,instance_0006.txt,5,5,0,5,32.166168089238134,32.16528925619835,32.16528925619835,31.901639344262296,32.43333333333333,0.02827100832269458,0.16813984751597277,3892.0,3892.0,3892,3892,3892,0.0,0.0,121.0,121.0,121,120,122,0.4,0.6324555320336759,90.00016679999999,90.000169,90.000156,90.000156,90.000176,4.615999996359263e-11,6.7941150979058805e-06
a,grasp_size_a03_swap,instance_0007.txt,5,5,0,5,28.667688481519868,28.708955223880597,28.708955223880597,28.28676470588235,28.924812030075188,0.04326485482856427,0.20800205486620624,3847.0,3847.0,3847,3847,3847,0.0,0.0,134.2,134.0,134,133,136,0.96,0.9797958971132712,90.00017460000001,90.000175,90.000188,90.000155,90.000188,1.3863999993089723e-10,1.1774548820693607e-05
a,grasp_size_a03_swap,instance_0008.txt,5,5,0,5,31.495078468091965,31.208791208791208,32.64367816091954,30.869565217391305,32.64367816091954,0.3769078269978249,0.6139281936821479,2839.8,2840.0,2840,2839,2840,0.15999999999999998,0.39999999999999997,90.2,91.0,91,87,92,2.96,1.7204650534085253,90.00013220000001,90.000126,90.000153,90.000122,90.000153,1.365599999561795e-10,1.1685888924518301e-05
a,grasp_size_a03_swap,instance_0009.txt,5,5,0,5,3.8973445816774146,3.9166666666666665,3.9166666666666665,3.6551724137931036,4.095238095238095,0.026172170040381425,0.1617781506890885,96.4,94.0,94,86,109,90.64000000000001,9.520504188329525,24.8,24.0,24,21,29,8.16,2.85657137141714,90.00008840000001,90.000088,90.000078,90.000078,90.000099,4.5040000019270304e-11,6.711184695660693e-06
a,grasp_size_a03_swap,instance_0010.txt,5,5,0,5,6.2450047184526785,6.258064516129032,6.213523131672598,6.169611307420495,6.303249097472924,0.002300701210180722,0.04796562529750573,1746.0,1746.0,1746,1746,1746,0.0,0.0,279.6,279.0,281,277,283,4.640000000000001,2.154065922853802,90.0001386,90.000139,90.000152,90.00012,90.000159,2.370399999922274e-10,1.5396103402881763e-05
a,grasp_size_a03_swap,instance_0011.txt,5,5,0,5,7.308919156555301,7.303571428571429,7.277580071174377,7.277580071174377,7.356115107913669,0.0009308438544792897,0.030509733766116178,2045.0,2045.0,2045,2045,2045,0.0,0.0,279.8,280.0,281,278,281,1.3599999999999999,1.16619037896906,90.0001292,90.000132,90.000125,90.000105,90.000146,1.9415999998024003e-10,1.3934130757971236e-05
a,grasp_size_a03_swap,instance_0012.txt,5,5,0,5,3.592720901126408,3.54,3.54,3.450980392156863,3.765957446808511,0.01222564714306177,0.11056964838083627,176.6,177.0,177,176,177,0.24,0.4898979485566356,49.2,50.0,50,47,51,2.1599999999999997,1.4696938456699067,90.00010239999999,90.000104,90.000104,90.000093,90.00011,3.0639999985117687e-11,5.5353409998949195e-06
a,grasp_size_a03_swap,instance_0013.txt,5,5,0,5,12.968539749873543,12.98300283286119,13.019886363636363,12.873595505617978,13.019886363636363,0.0029979831328044025,0.054753841260722545,4583.0,4583.0,4583,4583,4583,0.0,0.0,353.4,353.0,352,352,356,2.24,1.4966629547095767,90.0002572,90.000259,90.000262,90.000243,90.000272,9.976000001580928e-11,9.987992792138432e-06
a,grasp_size_a03_swap,instance_0014.txt,5,5,0,5,20.484864804655125,20.52785145888594,20.58244680851064,20.36578947368421,20.58244680851064,0.009850043257308178,0.09924738413332705,7739.0,7739.0,7739,7739,7739,0.0,0.0,377.8,377.0,376,376,380,3.3600000000000003,1.8330302779823362,90.0004208,90.000445,90.000303,90.000303,90.000476,3.764959999973345e-09,6.135926987809865e-05
a,grasp_size_a03_swap,instance_0015.txt,5,5,0,5,10.627555267028217,10.663768115942029,10.663768115942029,10.451704545454545,10.694767441860465,0.007875012800605093,0.08874126886970399,3679.0,3679.0,3679,3679,3679,0.0,0.0,346.2,345.0,345,344,352,8.559999999999997,2.925747767665558,90.0001974,90.000207,90.000207,90.000156,90.000237,7.898399999509404e-10,2.8104092227840064e-05
a,grasp_size_a03_swap,instance_0016.txt,5,5,0,5,9.531456030601314,9.527777777777779,9.397260273972602,9.27027027027027,9.8,0.035078053938225565,0.18729136108808,686.0,686.0,686,686,686,0.0,0.0,72.0,72.0,73,70,74,2.0,1.4142135623730951,90.0001048,90.000106,90.000106,90.000083,90.000121,1.5135999991555275e-10,1.2302845195951738e-05
a,grasp_size_a03_swap,instance_0017.txt,5,5,0,5,3.763268555116381,3.8043478260869565,3.5,3.5,3.977272727272727,0.029273424777842755,0.17109478302345385,175.0,175.0,175,175,175,0.0,0.0,46.6,46.0,50,44,50,4.640000000000001,2.154065922853802,90.00009500000002,90.000095,90.000095,90.000084,90.000101,3.640000000378095e-11,6.0332412519126855e-06
a,grasp_size_a03_swap,instance_0018.txt,5,5,0,5,15.611295932581744,15.64935064935065,15.64935064935065,15.253164556962025,15.855263157894736,0.03842451472705552,0.19602172003901894,1205.0,1205.0,1205,1205,1205,0.0,0.0,77.2,77.0,77,76,79,0.96,0.9797958971132712,90.00018580000001,90.000188,90.000211,90.000164,90.000211,2.457599999629749e-10,1.5676734352631446e-05
a,grasp_size_a03_swap,instance_0019.txt,5,5,0,5,10.450517498643515,10.51578947368421,10.51578947368421,10.29896907216495,10.51578947368421,0.007541565836284433,0.08684218926469112,999.0,999.0,999,999,999,0.0,0.0,95.6,95.0,95,95,97,0.64,0.8,90.000128,90.000119,90.000146,90.000114,90.000146,2.06800000030101e-10,1.4380542410844627e-05
a,grasp_size_a03_swap,instance_0020.txt,5,5,0,0,4.5,4.5,4.5,4.5,4.5,0.0,0.0,9.0,9.0,9,9,9,0.0,0.0,2.0,2.0,2,2,2,0.0,0.0,0.0050726,0.00497,0.004718,0.004646,0.006005,2.3799744e-07,0.00048784981295476584
a,grasp_size_a05_swap,instance_0001.txt,5,5,0,1,11.853333333333333,11.6,11.0,11.0,13.666666666666666,0.966044444444444,0.9828755996790459,51.4,55.0,55,41,58,37.839999999999996,6.151422599691879,4.4,5.0,5,3,5,0.64,0.8,83.0623406,83.81066,78.601553,73.30082,90.00008,41.32013531245344,6.4280739971202445
a,grasp_size_a05_swap,instance_0002.txt,5,5,0,0,2.0,2.0,2.0,2.0,2.0,0.0,0.0,2.0,2.0,2,2,2,0.0,0.0,1.0,1.0,1,1,1,0.0,0.0,0.004354599999999999,0.004354,0.004387,0.004331,0.004387,3.6424000000000463e-10,1.908507270093579e-05
a,grasp_size_a05_swap,instance_0003.txt,5,5,0,5,10.016666666666666,10.166666666666666,10.166666666666666,9.75,10.166666666666666,0.03444444444444429,0.185592145427667,64.0,61.0,61,59,78,49.6,7.042726744663604,6.4,6.0,6,6,8,0.6399999999999999,0.7999999999999999,90.00008840000001,90.000089,90.000083,90.000078,90.000102,6.503999997512342e-11,8.064738059920076e-06
a,grasp_size_a05_swap,instance_0004.txt,5,5,0,0,2.8,2.8,2.8,2.8,2.8,0.0,0.0,28.0,28.0,28,28,28,0.0,0.0,10.0,10.0,10,10,10,0.0,0.0,5.1297624,5.383595,4.384215,4.384215,5.884842,0.35880142740863974,0.5990003567683744
a,grasp_size_a05_swap,instance_0005.txt,5,5,0,5,35.27204141221135,35.16,35.16,34.87301587301587,35.73170731707317,0.08446682368952875,0.2906317664838597,4394.6,4395.0,4395,4394,4395,0.24,0.4898979485566356,124.6,125.0,125,123,126,1.04,1.019803902718557,90.0001702,90.000173,90.000175,90.000137,90.000206,5.037600001722351e-10,2.2444598463154447e-05
a,grasp_size_a05_swap,instance_0006.txt,5,5,0,5,32.21977690466513,32.16528925619835,32.43333333333333,31.901639344262296,32.43333333333333,0.03967240229219553,0.1991793219493317,3892.0,3892.0,3892,3892,3892,0.0,0.0,120.8,121.0,120,120,122,0.5599999999999999,0.7483314773547882,90.0001752,90.000175,90.000173,90.000158,90.000194,1.309599999526245e-10,1.144377559866605e-05
a,grasp_size_a05_swap,instance_0007.txt,5,5,0,5,28.632751153556296,28.708955223880597,29.366412213740457,27.8768115942029,29.366412213740457,0.26410328130539307,0.5139097988026625,3847.0,3847.0,3847,3847,3847,0.0,0.0,134.4,134.0,131,131,138,5.839999999999999,2.416609194718914,90.000199,90.000198,90.00019,90.00019,90.00021,5.7599999959258996e-11,7.589466381720061e-06
a,grasp_size_a05_swap,instance_0008.txt,5,5,0,5,31.106402663733302,30.869565217391305,30.869565217391305,29.583333333333332,33.01162790697674,1.2155115132843184,1.1025023869744313,2839.6,2840.0,2840,2839,2840,0.24,0.4898979485566356,91.4,92.0,92,86,96,10.239999999999998,3.1999999999999997,90.0001392,90.000131,90.000131,90.000118,90.000183,5.221600001554942e-10,2.2850820557596923e-05
a,grasp_size_a05_swap,instance_0009.txt,5,5,0,5,3.3251208944793853,2.8867924528301887,2.8679245283018866,2.8679245283018866,4.04,0.305616699417559,0.5528261023301622,133.0,152.0,152,101,153,564.4,23.757104200638594,42.2,53.0,53,25,53,175.36,13.242356285797479,90.00009980000002,90.000105,90.000105,90.000089,90.000108,5.976000001542729e-11,7.7304592370329e-06
a,grasp_size_a05_swap,instance_0010.txt,5,5,0,5,6.250048688767829,6.258064516129032,6.258064516129032,6.126315789473685,6.349090909090909,0.005869569014010222,0.07661311254615767,1746.0,1746.0,1746,1746,1746,0.0,0.0,279.4,279.0,279,275,285,11.84,3.4409301068170506,90.00015660000001,90.000156,90.00014,90.000125,90.00019,5.254400001093731e-10,2.2922478053416763e-05
a,grasp_size_a05_swap,instance_0011.txt,5,5,0,5,7.242471468971397,7.25177304964539,7.25177304964539,7.125435540069686,7.382671480144404,0.007054198646483984,0.08398927697321834,2045.0,2045.0,2045,2045,2045,0.0,0.0,282.4,282.0,282,277,287,10.64,3.2619012860600183,90.0001492,90.000155,90.00013,90.00013,90.000163,1.8616000005701594e-10,1.3644046322737838e-05
a,grasp_size_a05_swap,instance_0012.txt,5,5,0,5,3.592924232531405,3.6122448979591835,3.6666666666666665,3.339622641509434,3.8260869565217392,0.025931146053582932,0.1610315064004027,176.4,176.0,176,176,177,0.24,0.4898979485566356,49.2,49.0,48,46,53,5.36,2.3151673805580453,90.00011359999999,90.000113,90.000104,90.000103,90.000126,8.584000003266571e-11,9.264987859283234e-06
a,grasp_size_a05_swap,instance_0013.txt,5,5,0,5,12.911375672096451,12.909859154929578,12.695290858725762,12.695290858725762,13.131805157593123,0.019586617711696265,0.13995219795235894,4583.0,4583.0,4583,4583,4583,0.0,0.0,355.0,355.0,361,349,361,14.8,3.847076812334269,90.0002806,90.000249,90.000348,90.000239,90.000348,2.0202400001533655e-09,4.494707999585029e-05
a,grasp_size_a05_swap,instance_0014.txt,5,5,0,5,20.54980560663217,20.52785145888594,20.52785145888594,20.473544973544975,20.637333333333334,0.0031012408733861953,0.0556887858853665,7739.0,7739.0,7739,7739,7739,0.0,0.0,376.6,377.0,377,375,378,1.0399999999999998,1.0198039027185568,90.0003694,90.000371,90.000395,90.000337,90.000395,4.342400000060022e-10,2.0838426044353787e-05
a,grasp_size_a05_swap,instance_0015.txt,5,5,0,5,10.739531191503035,10.694767441860465,10.663768115942029,10.663768115942029,10.949404761904763,0.011543062430593661,0.10743864495884924,3679.0,3679.0,3679,3679,3679,0.0,0.0,342.6,344.0,345,336,345,11.440000000000001,3.3823069050575527,90.0002168,90.000224,90.000231,90.000164,90.000243,7.509600000074306e-10,2.7403649392141743e-05
a,grasp_size_a05_swap,instance_0016.txt,5,5,0,5,9.662738654147105,9.661971830985916,9.661971830985916,9.527777777777779,9.8,0.007411375853801294,0.0860893480855866,686.0,686.0,686,686,686,0.0,0.0,71.0,71.0,71,70,72,0.4,0.6324555320336759,90.0001092,90.000107,90.000136,90.000096,90.000136,2.04560000006169e-10,1.4302447343240562e-05
a,grasp_size_a05_swap,instance_0017.txt,5,5,0,5,3.7333543507667413,3.723404255319149,3.977272727272727,3.4313725490196076,3.977272727272727,0.03652782168492516,0.1911225305528502,175.0,175.0,175,175,175,0.0,0.0,47.0,47.0,44,44,51,6.0,2.449489742783178,90.00010219999999,90.000099,90.000108,90.000092,90.000119,1.0295999996781852e-10,1.0146920713586881e-05
a,grasp_size_a05_swap,instance_0018.txt,5,5,0,5,15.375425402851565,15.448717948717949,15.64935064935065,14.876543209876543,15.64935064935065,0.0838546071047876,0.2895765997189476,1205.0,1205.0,1205,1205,1205,0.0,0.0,78.4,78.0,77,77,81,2.2399999999999998,1.4966629547095764,90.0001888,90.000177,90.000177,90.000163,90.000259,1.264959999954018e-09,3.556627616090864e-05
a,grasp_size_a05_swap,instance_0019.txt,5,5,0,5,10.36508971291866,10.40625,10.40625,10.090909090909092,10.51578947368421,0.02059358781564054,0.14350466130283204,999.0,999.0,999,999,999,0.0,0.0,96.4,96.0,96,95,99,1.8399999999999999,1.3564659966250536,90.0001262,90.000124,90.000124,90.000106,90.000151,2.2056000000382066e-10,1.4851262572718207e-05
a,grasp_size_a05_swap,instance_0020.txt,5,5,0,0,5.0,5.0,5.0,5.0,5.0,0.0,0.0,10.0,10.0,10,10,10,0.0,0.0,2.0,2.0,2,2,2,0.0,0.0,0.0059106,0.006152,0.006257,0.005395,0.006257,1.2036824000000009e-07,0.0003469412630403021
a,grasp_synergy_a03_full,instance_0001.txt,5,5,0,5,13.209999999999999,13.2,13.2,13.2,13.25,0.00040000000000001135,0.020000000000000285,63.4,66.0,66,53,66,27.040000000000003,5.2,4.8,5.0,5,4,5,0.15999999999999998,0.39999999999999997,90.000085,90.000084,90.000084,90.000074,90.000104,1.0399999995801954e-10,1.0198039025127308e-05
a,grasp_synergy_a03_full,instance_0002.txt,5,5,0,0,2.0,2.0,2.0,2.0,2.0,0.0,0.0,2.0,2.0,2,2,2,0.0,0.0,1.0,1.0,1,1,1,0.0,0.0,0.004053,0.004037,0.004027,0.004024,0.004126,1.4212000000000112e-09,3.7698806347151245e-05
a,grasp_synergy_a03_full,instance_0003.txt,5,5,0,5,8.011794871794871,8.076923076923077,8.75,6.866666666666666,8.75,0.5125190006574624,0.7159043236756308,103.4,105.0,105,99,105,5.4399999999999995,2.33238075793812,13.0,13.0,13,12,15,1.2,1.0954451150103321,90.00010060000001,90.000104,90.000091,90.000087,90.000115,1.05040000005064e-10,1.0248902380502216e-05
a,grasp_synergy_a03_full,instance_0004.txt,5,5,0,0,2.8,2.8,2.8,2.8,2.8,0.0,0.0,28.0,28.0,28,28,28,0.0,0.0,10.0,10.0,10,10,10,0.0,0.0,8.812697199999999,8.879608,10.221935,5.233819,11.104516,4.0173971080261595,2.00434455821003
a,grasp_synergy_a03_full,instance_0005.txt,5,5,0,5,38.094679078343766,38.208695652173915,38.55263157894737,36.924369747899156,39.232142857142854,0.6353644443492479,0.797097512447033,4394.2,4394.0,4394,4394,4395,0.15999999999999998,0.39999999999999997,115.4,115.0,114,112,119,5.839999999999999,2.416609194718914,90.00017619999998,90.000199,90.000199,90.000126,90.000208,1.2477600001215871e-09,3.5323646472605103e-05
a,grasp_synergy_a03_full,instance_0006.txt,5,0,5,5,0.0,0.0,0.0,0.0,0.0,0.0,0.0,0.0,0.0,0,0,0,0.0,0.0,0.0,0.0,0,0,0,0.0,0.0,0.0,0.0,0.0,0.0,0.0,0.0,0.0
a,grasp_synergy_a03_full,instance_0007.txt,5,0,5,5,0.0,0.0,0.0,0.0,0.0,0.0,0.0,0.0,0.0,0,0,0,0.0,0.0,0.0,0.0,0,0,0,0.0,0.0,0.0,0.0,0.0,0.0,0.0,0.0,0.0
a,grasp_synergy_a03_full,instance_0008.txt,5,5,0,5,30.34256046849241,30.526881720430108,30.526881720430108,29.894736842105264,30.869565217391305,0.14935493077896328,0.3864646565715464,2839.6,2840.0,2840,2839,2840,0.24,0.4898979485566356,93.6,93.0,93,92,95,1.44,1.2,90.0001492,90.000147,90.000146,90.000137,90.000159,6.416000001480993e-11,8.00999375872478e-06
a,grasp_synergy_a03_full,instance_0009.txt,5,5,0,5,2.580387931034483,2.6206896551724137,2.390625,2.390625,2.8333333333333335,0.029013913144900254,0.17033470916081742,152.6,153.0,153,152,153,0.24,0.4898979485566356,59.4,58.0,64,54,64,15.84,3.97994974842648,90.0000908,90.000088,90.000096,90.000079,90.000104,7.25599999689834e-11,8.518215773798137e-06
a,grasp_synergy_a03_full,instance_0010.txt,5,5,0,5,5.97571416568091,5.97945205479452,6.041522491349481,5.839464882943144,6.0625,0.006168734626430731,0.07854129249274378,1745.8,1746.0,1746,1745,1746,0.16,0.4,292.2,292.0,289,288,299,14.959999999999997,3.8678159211627428,90.0001582,90.000149,90.000149,90.000139,90.000203,5.205599999919063e-10,2.281578401002048e-05
a,grasp_synergy_a03_full,instance_0011.txt,5,5,0,5,7.007956099611034,7.027491408934708,6.905405405405405,6.905405405405405,7.125435540069686,0.00774439985881994,0.08800227189578654,2044.6,2045.0,2045,2044,2045,0.24,0.4898979485566356,291.8,291.0,296,287,296,13.36,3.655133376499413,90.00014100000001,90.000142,90.000142,90.000124,90.000167,2.1760000005514705e-10,1.475127113353785e-05
a,grasp_synergy_a03_full,instance_0012.txt,5,5,0,5,2.675564175580731,2.6818181818181817,2.6818181818181817,2.4246575342465753,2.983050847457627,0.03439503652326207,0.18545898879068135,176.8,177.0,177,176,177,0.16,0.4,66.4,66.0,66,59,73,21.439999999999998,4.63033476111609,90.0001036,90.000101,90.00012,90.000093,90.00012,8.223999993260964e-11,9.06862723528813e-06
a,grasp_synergy_a03_full,instance_0013.txt,5,0,5,5,0.0,0.0,0.0,0.0,0.0,0.0,0.0,0.0,0.0,0,0,0,0.0,0.0,0.0,0.0,0,0,0,0.0,0.0,0.0,0.0,0.0,0.0,0.0,0.0,0.0
a,grasp_synergy_a03_full,instance_0014.txt,5,0,5,5,0.0,0.0,0.0,0.0,0.0,0.0,0.0,0.0,0.0,0,0,0,0.0,0.0,0.0,0.0,0,0,0,0.0,0.0,0.0,0.0,0.0,0.0,0.0,0.0,0.0
a,grasp_synergy_a03_full,instance_0015.txt,5,0,5,5,0.0,0.0,0.0,0.0,0.0,0.0,0.0,0.0,0.0,0,0,0,0.0,0.0,0.0,0.0,0,0,0,0.0,0.0,0.0,0.0,0.0,0.0,0.0,0.0,0.0
a,grasp_synergy_a03_full,instance_0016.txt,5,5,0,5,9.558421017801601,9.527777777777779,9.527777777777779,9.397260273972602,9.942028985507246,0.04019573198172057,0.20048873280491492,686.0,686.0,686,686,686,0.0,0.0,71.8,72.0,72,69,73,2.1599999999999997,1.4696938456699067,90.000115,90.000115,90.000098,90.000098,90.000133,2.188000000320346e-10,1.479188967076332e-05
a,grasp_synergy_a03_full,instance_0017.txt,5,5,0,5,3.84975845410628,3.888888888888889,3.888888888888889,3.5,4.166666666666667,0.04557725967933911,0.21348831274648059,175.0,175.0,175,175,175,0.0,0.0,45.6,45.0,45,42,50,6.639999999999999,2.576819745345025,90.000095,90.000092,90.000091,90.00009,90.000108,4.3999999993826354e-11,6.633249580245443e-06
a,grasp_synergy_a03_full,instance_0018.txt,5,5,0,5,15.411600899100899,15.448717948717949,15.448717948717949,15.0625,15.64935064935065,0.03650588152273972,0.19106512377391044,1205.0,1205.0,1205,1205,1205,0.0,0.0,78.2,78.0,78,77,80,0.9599999999999997,0.9797958971132711,90.0001892,90.000183,90.000183,90.000174,90.000227,3.701599998714172e-10,1.923954261076435e-05
a,grasp_synergy_a03_full,instance_0019.txt,5,5,0,5,9.873521082008285,9.99,9.60576923076923,9.1651376146789,10.51578947368421,0.2093663524647802,0.4575656810391052,999.0,999.0,999,999,999,0.0,0.0,101.4,100.0,104,95,109,22.64,4.758150901348127,90.0001252,90.000116,90.000116,90.000108,90.000146,2.2335999999536636e-10,1.4945233353660503e-05
a,grasp_synergy_a03_full,instance_0020.txt,5,5,0,0,5.0,5.0,5.0,5.0,5.0,0.0,0.0,5.0,5.0,5,5,5,0.0,0.0,1.0,1.0,1,1,1,0.0,0.0,0.0069826,0.007007,0.007021,0.00689,0.007098,6.257839999999991e-09,7.91065104779625e-05
a,grasp_synergy_a05_full,instance_0001.txt,5,5,0,5,12.826666666666668,13.2,13.2,11.333333333333334,13.2,0.5575111111111102,0.746666666666666,66.4,66.0,66,66,68,0.64,0.8,5.2,5.0,5,5,6,0.15999999999999998,0.39999999999999997,90.00009220000001,90.000085,90.00008,90.00008,90.000111,1.4696000002872008e-10,1.2122705969737947e-05
a,grasp_synergy_a05_full,instance_0002.txt,5,5,0,0,2.0,2.0,2.0,2.0,2.0,0.0,0.0,2.0,2.0,2,2,2,0.0,0.0,1.0,1.0,1,1,1,0.0,0.0,0.0041091999999999995,0.004053,0.004338,0.004023,0.004338,1.3824159999999998e-08,0.0001175761880654412
a,grasp_synergy_a05_full,instance_0003.txt,5,5,0,5,8.320512820512821,8.166666666666666,8.833333333333334,7.615384615384615,8.833333333333334,0.21492439184746917,0.4635993872380217,103.0,106.0,106,98,106,13.6,3.687817782917155,12.4,12.0,12,12,13,0.24000000000000005,0.48989794855663565,90.0000904,90.000092,90.000092,90.000078,90.000102,5.983999997068545e-11,7.735631840430712e-06
a,grasp_synergy_a05_full,instance_0004.txt,5,5,0,0,2.79,2.8,2.8,2.75,2.8,0.00039999999999999715,0.019999999999999928,29.0,28.0,28,28,33,4.0,2.0,10.4,10.0,10,10,12,0.6399999999999999,0.7999999999999999,7.233188800000001,7.159733,8.295456,5.549247,8.890056,1.5279227870893595,1.23609173894552
a,grasp_synergy_a05_full,instance_0005.txt,5,5,0,5,38.696750747699745,38.89380530973451,39.24107142857143,37.56410256410256,39.24107142857143,0.3850844915010288,0.6205517637562791,4394.8,4395.0,4395,4394,4395,0.15999999999999998,0.39999999999999997,113.6,113.0,112,112,117,3.44,1.8547236990991407,90.0002076,90.000202,90.000181,90.000181,90.000251,6.27040000170461e-10,2.504076676482693e-05
a,grasp_synergy_a05_full,instance_0006.txt,5,0,5,5,0.0,0.0,0.0,0.0,0.0,0.0,0.0,0.0,0.0,0,0,0,0.0,0.0,0.0,0.0,0,0,0,0.0,0.0,0.0,0.0,0.0,0.0,0.0,0.0,0.0
a,grasp_synergy_a05_full,instance_0007.txt,5,0,5,5,0.0,0.0,0.0,0.0,0.0,0.0,0.0,0.0,0.0,0,0,0,0.0,0.0,0.0,0.0,0,0,0,0.0,0.0,0.0,0.0,0.0,0.0,0.0,0.0,0.0
a,grasp_synergy_a05_full,instance_0008.txt,5,5,0,5,31.058711954652193,30.858695652173914,33.411764705882355,29.583333333333332,33.411764705882355,1.875982603299306,1.3696651427627506,2839.6,2840.0,2840,2839,2840,0.24,0.4898979485566356,91.6,92.0,85,85,96,15.440000000000003,3.9293765408777004,90.0001358,90.000137,90.000137,90.000113,90.000161,2.4696000005582305e-10,1.5714961026226665e-05
a,grasp_synergy_a05_full,instance_0009.txt,5,5,0,5,2.5971866218434707,2.5762711864406778,2.8333333333333335,2.353846153846154,2.8333333333333335,0.027409741599641924,0.16555887653533388,152.6,153.0,153,152,153,0.24,0.4898979485566356,59.0,59.0,54,54,65,14.8,3.847076812334269,90.0000992,90.000093,90.000093,90.000089,90.000112,8.815999994250691e-11,9.389355672382792e-06
a,grasp_synergy_a05_full,instance_0010.txt,5,5,0,5,5.984205470863327,6.020689655172414,6.041522491349481,5.898648648648648,6.041522491349481,0.0039039689558140736,0.06248174898171524,1746.0,1746.0,1746,1746,1746,0.0,0.0,291.8,290.0,289,289,296,9.36,3.059411708155671,90.00015859999999,90.000165,90.000169,90.000134,90.00017,1.7943999993747143e-10,1.3395521637378345e-05
a,grasp_synergy_a05_full,instance_0011.txt,5,5,0,5,6.932122397606264,6.932203389830509,6.794019933554817,6.794019933554817,7.076124567474048,0.008848102953953394,0.09406435538477577,2044.6,2045.0,2045,2044,2045,0.24,0.4898979485566356,295.0,295.0,301,289,301,16.0,4.0,90.00014840000001,90.000156,90.000156,90.000123,90.000168,2.61840000026161e-10,1.6181470885743392e-05
a,grasp_synergy_a05_full,instance_0012.txt,5,5,0,5,2.6102058371735786,2.6666666666666665,2.36,2.36,2.8548387096774195,0.045593328717959625,0.2135259438990017,176.8,177.0,177,176,177,0.16000000000000003,0.4,68.2,66.0,75,62,75,32.559999999999995,5.706137047074842,90.00010879999999,90.000112,90.000116,90.000098,90.000116,5.0160000037754654e-11,7.0823724865157055e-06
a,grasp_synergy_a05_full,instance_0013.txt,5,0,5,5,0.0,0.0,0.0,0.0,0.0,0.0,0.0,0.0,0.0,0,0,0,0.0,0.0,0.0,0.0,0,0,0,0.0,0.0,0.0,0.0,0.0,0.0,0.0,0.0,0.0
a,grasp_synergy_a05_full,instance_0014.txt,5,0,5,5,0.0,0.0,0.0,0.0,0.0,0.0,0.0,0.0,0.0,0,0,0,0.0,0.0,0.0,0.0,0,0,0,0.0,0.0,0.0,0.0,0.0,0.0,0.0,0.0,0.0
a,grasp_synergy_a05_full,instance_0015.txt,5,0,5,5,0.0,0.0,0.0,0.0,0.0,0.0,0.0,0.0,0.0,0,0,0,0.0,0.0,0.0,0.0,0,0,0,0.0,0.0,0.0,0.0,0.0,0.0,0.0,0.0,0.0
a,grasp_synergy_a05_full,instance_0016.txt,5,5,0,5,9.582957532102814,9.527777777777779,9.527777777777779,9.397260273972602,9.8,0.01878475491014211,0.137057487610645,686.0,686.0,686,686,686,0.0,0.0,71.6,72.0,72,70,73,1.04,1.019803902718557,90.00011620000001,90.000112,90.000101,90.000101,90.000146,2.417600000150053e-10,1.5548633380943977e-05
a,grasp_synergy_a05_full,instance_0017.txt,5,5,0,5,3.750064599483204,3.6458333333333335,3.6458333333333335,3.5,4.069767441860465,0.041148541670839756,0.20285103320131193,175.0,175.0,175,175,175,0.0,0.0,46.8,48.0,48,43,50,6.159999999999999,2.481934729198171,90.0000944,90.000093,90.000093,90.000081,90.000109,7.983999999134008e-11,8.935323160990882e-06
a,grasp_synergy_a05_full,instance_0018.txt,5,5,0,5,14.956404670860039,15.0625,15.253164556962025,14.518072289156626,15.253164556962025,0.08955860305927613,0.29926343421687207,1205.0,1205.0,1205,1205,1205,0.0,0.0,80.6,80.0,79,79,83,2.6399999999999997,1.624807680927192,90.00018340000001,90.000181,90.000236,90.000144,90.000236,9.250399999128503e-10,3.0414470238898625e-05
a,grasp_synergy_a05_full,instance_0019.txt,5,5,0,5,10.19600114281889,10.193877551020408,10.29896907216495,9.99,10.40625,0.021658459255840954,0.14716813260974998,999.0,999.0,999,999,999,0.0,0.0,98.0,98.0,97,96,100,2.0,1.4142135623730951,90.00012339999999,90.000123,90.000123,90.000116,90.000131,2.743999998649684e-11,5.2383203401946354e-06
a,grasp_synergy_a05_full,instance_0020.txt,5,5,0,0,5.0,5.0,5.0,5.0,5.0,0.0,0.0,5.0,5.0,5,5,5,0.0,0.0,1.0,1.0,1,1,1,0.0,0.0,0.0079358,0.007869,0.007582,0.007582,0.008624,1.3083975999999995e-07,0.0003617177905494834
