instance,algorithm,num_orders,num_aisles,num_items,selected_orders,visited_aisles,selected_items,objective,feasible
instance_0001.txt,dinkelbach_mip,12,3,28,11|19|23|24|26|29|41|42|46|55|57|60,43|71|97,5|7|11|12|16|17|28|39|52|62|68|69|75|77|83|87|90|92|104|109|113|114|119|126|128|130|139|141,15.0,True
instance_0002.txt,dinkelbach_mip,1,1,1,1,10,0,2.0,True
instance_0003.txt,dinkelbach_mip,9,4,23,4|9|10|19|22|29|57|63|72,7|16|89|102,33|55|61|70|71|80|88|90|99|115|118|128|137|138|145|165|181|185|198|201|205|218|219,12.0,True
instance_0004.txt,dinkelbach_mip,1,2,3,10,19|23,13|19|34,3.5,True
instance_0005.txt,dinkelbach_mip,387,8,596,554|1997|459|245|1867|1466|2399|2488|2589|2513|2561|434|731|181|268|367|1096|1421|1669|143|465|539|998|1320|1718|1818|16|217|468|740|1357|1434|1846|1928|1963|68|98|175|674|714|855|986|1002|1246|1335|1564|1581|1728|1794|1842|2001|2255|2328|2339|2485|2543|198|225|239|297|341|359|488|559|564|684|823|884|904|940|968|1007|1062|1159|1164|1178|1207|1225|1253|1396|1461|1485|1494|1521|1562|1622|1732|1783|1834|1887|1988|2039|2066|2079|2115|2117|2214|2216|2271|2276|2332|2386|2500|2603|57|119|125|140|151|171|195|230|234|238|248|263|317|363|385|388|397|432|446|460|472|483|521|551|613|625|626|629|661|662|713|745|749|777|787|802|804|819|824|825|853|864|876|957|975|990|997|1001|1028|1034|1089|1112|1113|1134|1139|1226|1278|1400|1499|1502|1513|1528|1544|1585|1589|1592|1627|1643|1649|1677|1714|1729|1733|1788|1860|1877|1892|1929|1959|1965|1992|1994|2049|2059|2070|2071|2120|2124|2129|2145|2201|2218|2227|2259|2282|2290|2309|2313|2317|2343|2351|2365|2366|2369|2379|2395|2423|2436|2507|2521|2522|2529|2588|30|83|93|105|120|122|124|133|135|142|146|170|190|197|204|267|311|330|337|352|354|376|378|429|441|450|453|461|477|499|514|519|535|552|572|577|583|594|638|647|652|655|656|668|673|692|694|708|744|764|799|813|867|877|888|910|920|928|953|996|1036|1063|1088|1093|1102|1107|1109|1121|1137|1143|1146|1149|1153|1163|1177|1189|1190|1206|1208|1220|1254|1294|1306|1314|1322|1331|1343|1346|1356|1374|1377|1399|1411|1414|1435|1445|1448|1449|1460|1484|1500|1505|1517|1582|1584|1596|1602|1613|1663|1681|1696|1712|1736|1739|1743|1767|1773|1797|1810|1832|1843|1844|1849|1855|1868|1869|1908|1939|1993|2007|2012|2051|2094|2095|2108|2151|2176|2205|2207|2230|2231|2275|2287|2294|2303|2333|2335|2338|2361|2373|2381|2394|2403|2412|2416|2417|2447|2455|2465|2469|2490|2494|2495|2510|2512|2520|2550|2569|2586|2612,131|43|5|96|23|122|57|146,8|25|40|45|46|54|60|75|82|86|91|103|147|152|160|190|210|214|218|231|241|248|264|271|274|275|276|284|287|290|299|307|317|338|351|354|384|388|406|418|419|434|440|441|442|445|446|462|484|501|507|519|527|528|536|592|603|607|608|610|645|652|679|699|711|719|747|748|761|769|785|803|813|826|870|886|893|896|905|910|912|923|933|935|936|947|988|1021|1022|1042|1050|1075|1078|1082|1083|1107|1112|1124|1149|1155|1161|1164|1166|1174|1194|1215|1216|1220|1224|1240|1248|1257|1264|1270|1273|1292|1329|1331|1356|1365|1369|1371|1408|1413|1419|1423|1438|1440|1443|1465|1475|1486|1490|1495|1496|1505|1510|1520|1525|1526|1529|1537|1562|1570|1579|1584|1604|1625|1629|1631|1637|1642|1672|1686|1689|1695|1700|1709|1733|1738|1767|1774|1800|1802|1804|1815|1826|1831|1842|1868|1903|1914|1922|1923|1926|1931|1940|1946|1963|1966|1969|1971|1975|2007|2015|2018|2026|2036|2066|2094|2109|2144|2169|2183|2191|2198|2202|2226|2245|2251|2253|2264|2268|2274|2297|2304|2319|2333|2340|2353|2370|2386|2402|2403|2414|2434|2445|2464|2465|2467|2482|2487|2498|2500|2507|2510|2511|2512|2513|2539|2563|2568|2570|2582|2591|2601|2609|2619|2622|2632|2633|2640|2643|2651|2660|2666|2677|2686|2701|2765|2770|2772|2782|2794|2804|2809|2818|2826|2849|2858|2864|2871|2884|2888|2913|2929|2934|2938|2940|2945|2947|2948|2976|2978|2980|2989|3008|3052|3055|3059|3063|3070|3074|3076|3084|3092|3109|3120|3131|3132|3135|3141|3173|3205|3224|3228|3231|3255|3287|3294|3315|3318|3325|3331|3340|3355|3361|3366|3374|3379|3382|3383|3396|3423|3428|3438|3446|3453|3469|3474|3493|3506|3527|3586|3597|3601|3618|3641|3651|3665|3667|3668|3673|3675|3683|3684|3692|3705|3721|3734|3745|3746|3747|3788|3811|3826|3832|3837|3841|3857|3859|3861|3871|3883|3897|3898|3921|3922|3925|3927|3932|3942|3953|3960|3980|4009|4021|4022|4025|4030|4031|4055|4063|4074|4085|4092|4134|4150|4166|4171|4176|4187|4189|4204|4206|4207|4210|4229|4235|4237|4263|4270|4294|4300|4310|4316|4333|4355|4360|4362|4391|4397|4410|4433|4435|4437|4439|4447|4454|4470|4476|4479|4497|4501|4505|4539|4547|4551|4558|4574|4579|4600|4602|4606|4612|4642|4646|4657|4673|4676|4684|4685|4696|4703|4708|4715|4719|4720|4721|4730|4733|4755|4763|4768|4775|4785|4795|4797|4802|4829|4844|4860|4867|4871|4884|4897|4904|4912|4915|4929|4939|4950|4952|4955|4958|4979|4991|4994|5002|5012|5041|5045|5046|5048|5072|5078|5087|5097|5119|5121|5129|5142|5147|5156|5160|5173|5178|5181|5184|5195|5202|5203|5204|5216|5219|5236|5270|5296|5302|5310|5362|5363|5375|5410|5417|5423|5434|5455|5470|5479|5484|5491|5501|5502|5526|5532|5537|5556|5562|5565|5579|5583|5586|5610|5624|5635|5640|5655|5660|5667|5668|5672|5680|5681|5685|5722|5737|5739|5749|5764|5765|5781|5791|5808|5811|5824|5832|5848|5871|5872|5897|5913|5914|5923|5929|5939|5941|5954|5958|5967|5972|5973|5977|5984|6041|6054|6058|6108|6128|6142|6143|6151|6176|6180|6191|6196|6197|6199|6218|6235|6236|6244|6253|6279|6283|6294|6302|6308|6309|6310|6325|6369|6379|6385|6401|6406,167.5,True
instance_0006.txt,dinkelbach_mip,497,1,326,1046|9216|167|5230|1099|5832|2625|3637|4985|5502|6151|6566|8792|3083|4178|6352|33|168|435|1991|3363|4328|4622|5408|5616|8082|9037|9486|1969|3101|3216|3421|4056|5562|7251|7819|9208|10114|36|335|338|594|698|1268|1745|2652|2933|3041|3093|3378|4379|4709|4854|4860|4907|5547|5819|5947|6696|7330|7706|7724|7787|8069|8534|8884|9422|9860|10019|10276|2|30|57|88|100|120|125|184|210|252|253|259|260|297|374|387|389|449|478|492|499|502|527|537|554|561|562|570|588|625|643|738|761|768|782|830|918|936|937|943|974|985|998|1013|1034|1040|1042|1062|1081|1116|1129|1151|1156|1181|1220|1235|1256|1272|1298|1310|1337|1405|1471|1480|1524|1573|1589|1612|1619|1628|1630|1647|1654|1717|1725|1749|1766|1801|1826|1841|1880|1902|1906|1946|2003|2029|2042|2048|2051|2070|2075|2098|2127|2140|2175|2183|2188|2222|2237|2240|2270|2272|2283|2306|2307|2326|2329|2332|2346|2517|2530|2542|2561|2567|2570|2592|2594|2599|2619|2644|2647|2653|2669|2692|2715|2743|2752|2763|2764|2779|2801|2854|2910|2948|2982|3017|3047|3063|3081|3090|3111|3119|3132|3134|3148|3151|3195|3212|3214|3224|3265|3267|3301|3302|3311|3319|3330|3335|3383|3415|3463|3531|3587|3600|3612|3618|3633|3695|3703|3709|3718|3719|3724|3730|3753|3773|3799|3879|3907|3965|3997|4064|4073|4078|4139|4140|4175|4191|4199|4234|4235|4251|4254|4298|4306|4366|4402|4441|4459|4468|4477|4478|4532|4567|4579|4645|4652|4734|4760|4772|4780|4791|4806|4864|4884|4909|4915|4916|4935|4953|4996|5003|5016|5021|5061|5072|5084|5107|5134|5188|5207|5217|5261|5306|5321|5349|5351|5365|5385|5389|5390|5404|5421|5426|5480|5494|5615|5625|5628|5631|5639|5648|5682|5684|5694|5712|5895|5897|5963|6009|6029|6063|6064|6076|6081|6097|6103|6134|6197|6233|6268|6281|6296|6301|6322|6342|6348|6372|6398|6422|6425|6457|6471|6482|6506|6558|6567|6594|6631|6760|6771|6816|6847|6896|6899|6918|6974|7000|7009|7042|7087|7204|7229|7239|7256|7323|7345|7354|7382|7391|7410|7568|7576|7579|7648|7665|7666|7756|7766|7798|7855|7858|7862|7864|7868|7917|7937|7942|7974|7981|8027|8184|8214|8237|8248|8252|8279|8291|8294|8334|8407|8488|8490|8499|8525|8597|8631|8674|8686|8721|8731|8741|8765|8772|8783|8823|8844|8893|8895|8934|8953|8954|8970|9009|9066|9070|9076|9087|9131|9139|9142|9207|9267|9277|9304|9325|9326|9337|9357|9361|9387|9414|9423|9427|9431|9445|9452|9468|9472|9475|9488|9517|9550|9558|9590|9592|9599|9613|9661|9683|9701|9728|9779|9801|9849|9852|9882|9909|9916|9926|10036|10070|10071|10082|10088|10109|10112|10128|10151|10168|10226|10242|10252|10272|10307|10321|10324,0,1|30|67|69|82|91|104|105|111|143|167|175|203|238|267|271|272|284|291|338|342|362|385|404|425|457|473|474|482|533|536|541|569|607|661|675|733|741|764|806|810|811|818|857|867|915|939|942|943|971|978|988|992|1020|1054|1077|1122|1135|1178|1220|1245|1263|1270|1272|1289|1292|1297|1358|1361|1370|1374|1380|1417|1425|1443|1469|1471|1475|1527|1586|1605|1660|1795|1817|1840|1843|1866|1939|1951|1983|1989|2011|2043|2044|2114|2141|2144|2151|2178|2181|2187|2188|2231|2262|2266|2291|2314|2315|2369|2371|2396|2401|2431|2439|2488|2533|2541|2542|2544|2552|2589|2599|2659|2711|2715|2717|2734|2748|2760|2802|2810|2829|2866|2873|2899|2914|2944|2966|2967|2968|2972|2985|3003|3016|3061|3087|3090|3106|3109|3135|3163|3167|3175|3208|3227|3305|3334|3336|3361|3410|3440|3445|3458|3459|3506|3547|3553|3622|3638|3669|3670|3690|3692|3710|3766|3847|3862|3880|3913|3948|3965|4052|4094|4098|4118|4148|4151|4220|4225|4273|4279|4283|4308|4313|4335|4349|4381|4384|4401|4421|4456|4539|4563|4584|4597|4601|4610|4619|4620|4642|4645|4660|4679|4736|4760|4787|4817|4823|4845|4871|4921|4930|4958|4959|4973|5052|5071|5118|5127|5131|5136|5162|5225|5228|5253|5254|5272|5297|5308|5328|5335|5339|5347|5362|5375|5401|5409|5435|5461|5471|5475|5478|5483|5485|5491|5497|5503|5552|5572|5597|5600|5605|5622|5649|5652|5733|5766|5769|5772|5773|5805|5810|5852|5867|5886|5894|5900|5910|5911|5938|5943|5953|6007|6019|6080|6136|6140|6145|6165|6168|6208|6211|6215|6268|6337|6339|6367|6373|6374|6414|6420|6458|6493|6504|6532|6552|6555|6597|6602|6612|6669|6671|6704|6747|6754|6783|6805|6806|6827|6836|6843|6861|6910|6946|6995|7087,691.0,True
instance_0007.txt,dinkelbach_mip,1207,4,692,0|1|23|24|31|32|71|78|86|110|119|148|149|150|153|162|167|171|183|185|187|192|223|249|254|261|265|269|279|290|293|297|309|312|326|360|385|392|396|416|422|427|436|464|467|468|479|480|486|487|493|496|497|514|516|519|525|537|554|566|570|587|588|596|600|603|605|609|613|617|623|631|632|633|634|635|640|645|661|675|676|682|683|688|699|701|718|726|729|744|748|764|766|771|788|804|822|827|833|839|844|846|854|868|881|904|909|912|916|917|959|964|972|988|989|992|993|1005|1017|1018|1026|1029|1033|1041|1051|1052|1056|1067|1074|1086|1097|1102|1117|1129|1135|1146|1152|1153|1161|1170|1172|1174|1175|1176|1190|1191|1193|1195|1214|1221|1239|1244|1245|1249|1261|1269|1272|1278|1280|1281|1291|1295|1299|1303|1311|1327|1330|1353|1355|1360|1377|1384|1389|1398|1407|1411|1414|1417|1418|1438|1443|1452|1453|1455|1470|1478|1483|1496|1503|1505|1510|1511|1516|1525|1533|1536|1549|1550|1551|1553|1556|1577|1579|1584|1585|1587|1600|1603|1604|1613|1614|1615|1619|1651|1660|1672|1674|1679|1680|1684|1695|1697|1704|1709|1710|1728|1738|1743|1747|1755|1765|1769|1773|1778|1789|1791|1803|1809|1811|1813|1819|1820|1831|1835|1836|1842|1845|1856|1858|1862|1864|1871|1878|1885|1888|1919|1940|1944|1946|1947|1952|1965|1966|1970|1973|1987|1993|1994|1997|2003|2009|2014|2024|2028|2031|2032|2039|2046|2057|2058|2063|2064|2066|2074|2075|2085|2087|2103|2104|2111|2115|2123|2124|2126|2129|2132|2133|2145|2154|2157|2159|2167|2168|2172|2190|2197|2199|2205|2208|2210|2211|2215|2219|2221|2225|2227|2252|2255|2263|2264|2282|2285|2295|2296|2299|2307|2309|2311|2322|2323|2331|2332|2346|2357|2363|2373|2383|2387|2389|2392|2394|2395|2399|2402|2406|2412|2413|2419|2422|2444|2448|2452|2456|2458|2464|2468|2469|2483|2485|2489|2492|2503|2505|2521|2524|2532|2544|2549|2559|2576|2588|2607|2608|2609|2611|2613|2615|2617|2625|2634|2635|2641|2652|2654|2662|2674|2676|2679|2680|2690|2721|2755|2773|2774|2781|2789|2793|2799|2807|2811|2816|2817|2819|2832|2839|2843|2844|2845|2850|2861|2878|2884|2886|2896|2903|2910|2916|2919|2956|2960|2992|2993|3000|3002|3021|3023|3039|3042|3053|3063|3084|3095|3108|3121|3126|3128|3133|3142|3144|3152|3164|3182|3199|3204|3220|3223|3225|3228|3233|3243|3247|3259|3263|3278|3284|3285|3286|3290|3319|3331|3332|3345|3371|3376|3383|3385|3410|3423|3427|3430|3436|3447|3452|3462|3464|3470|3472|3474|3497|3501|3504|3518|3519|3526|3531|3544|3560|3562|3563|3576|3586|3602|3606|3619|3628|3647|3663|3665|3666|3672|3689|3690|3699|3702|3703|3717|3720|3722|3730|3731|3734|3738|3743|3755|3767|3771|3781|3782|3785|3786|3788|3799|3804|3808|3811|3813|3817|3831|3835|3837|3849|3858|3863|3865|3870|3882|3887|3889|3890|3901|3910|3917|3923|3925|3931|3933|3937|3940|3944|3945|3957|3958|3963|3973|3975|3976|3982|3984|3989|3991|3999|4005|4006|4010|4020|4022|4027|4031|4049|4053|4054|4061|4062|4063|4065|4072|4079|4082|4095|4100|4109|4110|4112|4128|4134|4146|4165|4172|4176|4188|4194|4198|4209|4213|4215|4217|4223|4232|4241|4252|4254|4255|4272|4282|4288|4296|4297|4301|4317|4341|4348|4361|4369|4373|4393|4415|4432|4436|4458|4468|4473|4481|4482|4483|4486|4492|4494|4495|4504|4505|4509|4510|4511|4516|4523|4528|4535|4546|4551|4560|4565|4569|4571|4575|4581|4585|4608|4611|4614|4625|4630|4633|4637|4647|4665|4668|4682|4686|4689|4694|4698|4716|4727|4731|4741|4744|4750|4751|4755|4759|4761|4764|4765|4767|4789|4791|4804|4805|4807|4808|4816|4825|4833|4836|4853|4882|4885|4889|4892|4894|4921|4927|4928|4929|4935|4938|4957|4958|4964|4965|4969|4970|4977|4985|4993|4996|5011|5046|5048|5049|5050|5059|5066|5076|5078|5081|5087|5093|5097|5103|5120|5134|5141|5150|5154|5159|5160|5171|5191|5204|5207|5211|5231|5238|5245|5261|5264|5265|5276|5300|5306|5319|5320|5323|5332|5348|5351|5356|5365|5375|5392|5400|5402|5404|5409|5413|5414|5419|5448|5453|5457|5462|5466|5491|5492|5505|5516|5519|5520|5521|5524|5548|5549|5564|5568|5575|5576|5578|5585|5612|5615|5622|5626|5630|5631|5641|5649|5655|5661|5668|5686|5692|5697|5710|5713|5719|5728|5733|5743|5747|5752|5753|5754|5758|5760|5773|5774|5775|5786|5787|5789|5809|5811|5812|5813|5819|5826|5834|5839|5856|5860|5864|5867|5878|5887|5900|5916|5917|5930|5934|5935|5937|5941|5948|5956|5972|5977|5978|5986|6011|6028|6038|6041|6048|6057|6058|6062|6070|6078|6089|6103|6104|6112|6113|6119|6121|6140|6142|6160|6177|6180|6191|6193|6199|6200|6204|6209|6218|6222|6227|6232|6244|6245|6257|6259|6262|6277|6293|6317|6330|6337|6349|6358|6363|6378|6382|6388|6390|6398|6400|6402|6411|6412|6422|6436|6440|6449|6451|6455|6458|6461|6463|6464|6467|6475|6480|6490|6495|6500|6502|6520|6522|6536|6540|6546|6572|6580|6595|6621|6627|6629|6633|6635|6659|6666|6672|6676|6679|6686|6700|6701|6706|6726|6727|6728|6731|6735|6737|6743|6745|6750|6752|6755|6762|6771|6780|6783|6784|6790|6800|6805|6811|6821|6830|6831|6840|6849|6853|6865|6870|6875|6877|6879|6883|6907|6909|6919|6925|6928|6929|6930|6931|6934|6941|6951|6953|6962|6965|6967|6976|6984|6991|7005|7009|7010|7026|7028|7048|7058|7060|7061|7078|7091|7102|7109|7116|7125|7134|7135|7156|7157|7171|7173|7175|7181|7182|7184|7186|7190|7199|7201|7208|7210|7212|7213|7218|7219|7222|7228|7229|7233|7237|7252|7257|7262|7268|7284|7286|7299|7303|7318|7319|7321|7322|7323|7334|7336|7338|7340|7344|7361|7368|7378|7380|7381|7382|7389|7392|7393|7397|7406|7407|7409|7414|7416|7422|7429|7430|7439|7453|7457|7461|7463|7475|7479|7489|7508|7510|7516|7522|7538|7564|7571|7576|7577|7583|7590|7593|7602|7603|7609|7612|7614|7617|7621|7630|7633|7634|7644|7651|7659|7663|7670|7677|7678|7684|7689|7697|7699|7700|7704|7713|7714|7719|7723|7729|7732|7741|7742|7746|7752|7753|7771|7773|7774|7777|7798|7800|7806|7814|7839|7841|7844|7846|7847|7855|7883|7896|7901|7916|7917|7922|7925|7927|7930|7931|7935|7942|7943|7944|7946|7952|7959|7960|7962|7973|7996|7998|8001|8002|8012|8020|8031|8033|8036|8041|8042|8043|8044|8056|8057|8059|8062|8076|8088|8090|8104|8106|8107|8109|8110|8118|8139|8141|8144|8152|8156|8173|8177|8179|8184|8185|8193|8202|8206|8207|8208|8210|8223|8227|8228|8239|8242|8244|8252|8254|8257|8261|8264|8269|8272|8282|8294|8297|8302|8305|8316,1|22|115|175,2|4|8|11|23|44|45|60|61|63|66|79|81|84|95|112|147|148|155|166|181|193|199|207|210|213|215|229|232|234|235|239|250|253|263|277|278|279|282|283|297|304|305|309|313|317|322|332|337|338|345|349|351|372|378|380|386|395|396|406|412|413|420|421|423|424|428|434|440|443|446|462|468|469|482|491|497|501|506|520|558|583|586|587|590|610|612|617|633|634|639|649|650|661|664|667|681|689|703|707|720|722|731|735|744|745|758|762|777|784|820|824|832|841|861|899|903|907|908|919|925|935|945|952|960|973|979|993|1009|1010|1014|1020|1037|1062|1063|1082|1103|1107|1113|1114|1119|1120|1131|1135|1148|1152|1166|1170|1181|1190|1199|1221|1227|1249|1260|1266|1267|1269|1279|1286|1292|1293|1308|1313|1319|1320|1323|1339|1342|1361|1367|1382|1386|1393|1410|1417|1437|1450|1451|1459|1470|1473|1478|1479|1487|1496|1503|1507|1527|1529|1547|1548|1566|1577|1592|1601|1602|1605|1608|1610|1612|1616|1629|1635|1639|1641|1648|1649|1652|1653|1655|1656|1661|1667|1670|1677|1692|1704|1723|1724|1728|1734|1743|1756|1761|1782|1818|1839|1852|1863|1878|1886|1917|1925|1933|1941|1956|1959|1988|1990|1991|2000|2010|2016|2017|2041|2050|2054|2061|2089|2090|2097|2099|2102|2108|2129|2130|2144|2148|2164|2175|2184|2192|2194|2198|2208|2214|2221|2237|2238|2245|2255|2267|2283|2286|2308|2324|2327|2332|2339|2365|2372|2373|2377|2378|2395|2413|2414|2419|2424|2442|2458|2459|2461|2464|2465|2489|2496|2507|2510|2521|2523|2535|2536|2544|2552|2557|2578|2583|2592|2595|2596|2598|2603|2615|2624|2632|2640|2643|2649|2651|2660|2681|2686|2688|2697|2706|2710|2718|2722|2750|2756|2757|2765|2773|2792|2795|2797|2802|2805|2836|2838|2867|2868|2878|2887|2891|2915|2916|2931|2934|2944|2959|2971|2993|2999|3001|3011|3023|3030|3035|3036|3045|3053|3055|3058|3059|3060|3062|3063|3064|3094|3098|3111|3113|3118|3122|3125|3129|3131|3147|3158|3174|3177|3190|3211|3212|3220|3221|3234|3237|3244|3251|3270|3272|3279|3308|3310|3322|3324|3338|3347|3370|3392|3393|3398|3402|3403|3427|3430|3432|3439|3443|3459|3470|3471|3473|3492|3496|3503|3509|3513|3514|3544|3562|3566|3578|3598|3604|3612|3615|3633|3634|3648|3660|3673|3680|3690|3691|3694|3695|3698|3699|3709|3739|3759|3764|3798|3803|3840|3850|3864|3870|3872|3875|3880|3906|3926|3931|3957|3963|3964|3977|3989|3990|3994|4002|4003|4008|4016|4026|4027|4028|4032|4042|4044|4053|4056|4060|4071|4073|4078|4079|4080|4085|4086|4089|4090|4091|4103|4133|4134|4135|4154|4168|4175|4198|4204|4205|4221|4230|4232|4237|4242|4258|4259|4263|4265|4267|4299|4300|4301|4303|4308|4316|4330|4356|4366|4369|4375|4376|4377|4387|4398|4399|4404|4417|4419|4421|4446|4478|4483|4484|4490|4502|4517|4522|4539|4544|4549|4555|4560|4568|4571|4579|4594|4595|4596|4620|4624|4626|4632|4643|4646|4654|4664|4668|4670|4675|4678|4680|4684|4691|4703|4705|4706|4717|4718|4723|4725|4727|4744|4748|4753|4760|4774|4776|4786|4809|4820|4846|4864|4865|4866|4871|4882|4888|4896|4920|4929|4933|4963|4966|4980|4999|5009|5019|5056|5061|5071|5076|5077|5079|5117|5118|5144|5145|5158|5175|5177|5180|5188|5192|5197|5205|5207|5208|5227|5229|5231|5233|5240|5249|5266|5286|5294|5298|5301|5306|5308|5314|5317|5323|5326|5327|5332|5349|5353|5358|5359|5369|5371|5378|5384|5389|5403|5404|5407|5421|5447|5468|5471|5478|5489|5491|5504|5518|5525|5532|5536|5542|5551|5559|5565|5568|5573|5574|5587|5593|5603|5609|5613|5614|5620|5624|5631|5636|5644|5648|5652|5654|5657|5663|5696|5698|5700|5706|5724|5725|5728|5743|5744,392.25,True
instance_0008.txt,dinkelbach_mip,443,18,1041,1|2|6|7|8|12|14|15|18|19|21|24|27|29|31|33|37|40|54|56|58|60|63|66|67|72|77|79|81|91|95|97|105|117|120|133|138|139|148|151|158|178|185|189|196|200|201|206|224|225|231|234|236|241|247|251|252|263|267|268|273|277|279|282|284|287|294|297|306|308|313|319|320|321|323|329|341|344|353|360|371|377|380|382|386|387|388|389|401|402|405|412|415|419|421|423|426|428|430|431|432|448|451|467|468|469|471|475|498|502|506|507|508|509|519|525|531|535|551|552|555|558|572|574|575|578|580|590|592|594|597|599|604|606|614|622|627|628|630|637|642|643|644|650|660|661|663|665|679|682|684|703|705|710|713|714|715|716|733|737|740|743|745|747|754|756|772|774|776|777|782|787|789|793|804|805|814|818|821|828|833|841|847|850|852|869|871|872|877|879|893|901|927|928|937|940|944|946|950|951|958|963|973|977|986|988|990|1000|1016|1017|1020|1022|1024|1036|1037|1038|1041|1044|1048|1049|1060|1064|1065|1067|1070|1072|1074|1078|1080|1081|1083|1084|1085|1087|1100|1105|1107|1109|1113|1127|1130|1132|1138|1142|1147|1154|1162|1167|1168|1169|1171|1175|1203|1205|1215|1219|1221|1226|1231|1233|1234|1237|1245|1251|1257|1270|1273|1277|1284|1285|1287|1294|1297|1304|1308|1309|1317|1325|1326|1327|1328|1341|1343|1345|1349|1361|1362|1369|1379|1381|1388|1390|1394|1396|1413|1415|1423|1425|1427|1431|1432|1438|1439|1440|1441|1447|1454|1462|1465|1466|1467|1475|1478|1495|1500|1502|1506|1512|1517|1519|1521|1534|1544|1550|1554|1559|1560|1571|1573|1584|1589|1592|1597|1611|1628|1632|1634|1636|1639|1641|1642|1655|1657|1668|1672|1681|1690|1708|1710|1719|1720|1728|1729|1737|1738|1739|1740|1743|1755|1757|1768|1771|1773|1788|1793|1797|1803|1812|1817|1823|1826|1831|1832|1839|1849|1850|1855|1859|1860|1866|1867|1868|1869|1872|1880|1892|1894|1900|1901|1911|1914|1915|1918|1920|1933|1942|1945|1947|1948|1951|1965|1970|1972|1973|1978|1980|1984|1990|1995|1997|2001|2002|2004|2005|2010|2012|2034|2036|2038|2041|2046|2065|2067|2071|2104|2109|2111|2124|2133|2143|2146|2147|2153|2154|2156|2160|2164|2166|2167|2169|2172|2181|2183,4|7|20|32|44|47|59|74|81|84|95|99|111|114|136|138|151|163,1|7|8|19|24|28|34|38|42|56|58|59|62|66|73|81|84|91|93|102|103|106|108|113|115|117|129|132|134|135|147|158|164|165|175|177|183|187|192|193|196|201|202|205|207|209|213|214|215|226|230|238|242|244|246|255|302|304|306|313|315|320|326|328|333|334|343|350|352|355|359|360|368|381|400|403|406|407|411|413|422|425|436|445|448|449|456|464|471|474|475|482|487|497|502|503|505|520|524|525|533|535|540|562|565|576|581|592|600|603|608|609|612|644|650|651|652|654|656|659|662|668|675|676|677|680|682|696|702|704|707|724|728|733|734|736|740|745|752|754|758|760|763|764|771|773|775|776|778|782|784|796|799|807|811|828|832|834|838|839|861|869|876|883|893|895|898|899|901|908|909|912|916|927|930|939|940|941|944|947|953|957|960|974|981|993|1001|1018|1033|1040|1044|1048|1051|1052|1056|1062|1078|1086|1097|1105|1106|1112|1116|1118|1135|1143|1149|1155|1157|1168|1172|1180|1181|1190|1197|1210|1215|1225|1234|1238|1242|1251|1257|1261|1264|1267|1271|1274|1275|1276|1287|1292|1293|1298|1302|1310|1317|1321|1325|1338|1344|1345|1349|1353|1360|1373|1374|1376|1377|1383|1388|1397|1398|1407|1415|1421|1423|1426|1429|1434|1447|1450|1452|1453|1457|1463|1464|1465|1471|1473|1477|1478|1479|1480|1482|1483|1484|1502|1512|1513|1519|1524|1527|1529|1539|1542|1546|1549|1552|1559|1567|1568|1575|1578|1603|1606|1620|1625|1635|1642|1643|1656|1666|1669|1671|1672|1679|1689|1699|1709|1720|1734|1741|1744|1745|1746|1747|1749|1760|1761|1768|1780|1801|1804|1805|1809|1811|1819|1830|1838|1842|1854|1855|1866|1880|1883|1892|1897|1907|1912|1915|1922|1927|1932|1934|1935|1937|1942|1954|1960|1971|1979|1980|1998|2005|2007|2008|2018|2021|2023|2025|2034|2035|2037|2040|2042|2047|2056|2057|2062|2073|2075|2081|2085|2092|2096|2102|2108|2120|2130|2138|2139|2144|2153|2157|2164|2171|2172|2175|2178|2181|2184|2185|2197|2204|2205|2207|2208|2210|2221|2223|2227|2228|2247|2249|2255|2257|2265|2273|2275|2277|2281|2282|2284|2293|2296|2303|2305|2322|2324|2329|2341|2342|2344|2354|2358|2362|2374|2385|2397|2402|2408|2422|2432|2436|2438|2444|2445|2446|2459|2461|2465|2468|2473|2474|2488|2489|2499|2502|2510|2540|2541|2543|2546|2547|2548|2561|2576|2581|2591|2595|2597|2598|2600|2605|2613|2617|2621|2623|2625|2629|2637|2639|2643|2645|2658|2663|2665|2667|2680|2689|2690|2694|2696|2699|2710|2714|2720|2736|2738|2739|2742|2754|2770|2771|2794|2797|2803|2804|2814|2820|2826|2835|2843|2845|2850|2857|2860|2872|2876|2877|2880|2885|2886|2887|2891|2912|2921|2924|2933|2934|2939|2941|2943|2947|2948|2950|2953|2963|2979|2980|2981|2991|3003|3015|3016|3017|3023|3026|3028|3033|3042|3049|3052|3056|3061|3064|3066|3075|3077|3080|3091|3104|3105|3115|3117|3120|3128|3134|3136|3138|3151|3153|3155|3161|3164|3171|3173|3179|3180|3184|3195|3196|3198|3208|3220|3225|3226|3230|3234|3240|3243|3245|3265|3276|3282|3292|3299|3303|3305|3307|3314|3319|3326|3336|3342|3346|3354|3359|3360|3363|3364|3366|3368|3372|3374|3380|3382|3383|3386|3389|3400|3409|3419|3421|3442|3444|3453|3461|3466|3469|3477|3491|3496|3499|3504|3511|3532|3534|3535|3536|3556|3561|3580|3590|3593|3596|3600|3611|3620|3621|3626|3640|3647|3659|3667|3668|3675|3684|3693|3703|3708|3730|3734|3737|3744|3745|3763|3768|3769|3774|3775|3776|3783|3789|3798|3807|3811|3827|3830|3833|3845|3846|3847|3848|3861|3868|3874|3876|3881|3882|3889|3902|3912|3914|3915|3919|3928|3930|3938|3954|3963|3980|3981|3982|3996|4015|4016|4021|4027|4029|4030|4034|4039|4043|4044|4051|4053|4056|4065|4067|4068|4069|4081|4087|4091|4099|4101|4111|4112|4114|4115|4118|4126|4130|4133|4135|4143|4148|4153|4154|4162|4166|4169|4171|4177|4181|4187|4190|4198|4205|4216|4217|4222|4231|4232|4237|4256|4267|4271|4272|4291|4298|4307|4324|4328|4332|4334|4335|4336|4354|4355|4372|4388|4391|4401|4416|4417|4422|4428|4432|4438|4446|4449|4463|4483|4487|4490|4498|4505|4506|4512|4517|4523|4529|4531|4543|4545|4549|4551|4567|4568|4575|4583|4585|4588|4593|4598|4599|4605|4614|4615|4619|4622|4624|4626|4631|4633|4637|4639|4641|4656|4657|4661|4667|4680|4682|4684|4685|4687|4698|4701|4721|4729|4731|4736|4737|4747|4753|4755|4776|4779|4792|4793|4801|4804|4813|4822|4823|4827|4833|4836|4846|4847|4854|4858|4860|4861|4863|4865|4867|4868|4873|4876|4891|4892|4898|4912|4931|4932|4933|4946|4966|4968|4972|4977|4981|4982|4984|4985|4987|4989|4994|4997|5011|5014|5015|5020|5025|5029|5040|5043|5045|5047|5052|5058|5059|5064|5066|5068|5074|5077|5079|5080|5089|5091|5106|5107|5112|5126|5132|5136|5145|5147|5164|5166|5171|5174|5183|5190|5196|5210|5214|5224|5225|5227|5228|5232|5233|5235|5239|5244|5245|5252|5254|5266|5274|5277|5278|5280|5281|5282|5294|5295|5309|5310|5312|5313|5314|5315|5317|5320|5325|5330|5331|5332|5342|5343|5348|5352|5363|5366|5369|5371|5375|5376|5380|5382|5384|5385|5386|5389|5405|5406|5411|5414|5419|5423|5430|5436|5440|5447|5451|5455|5462|5467|5471|5477|5481|5483|5494|5496|5500|5513|5519|5521|5533|5535|5538|5543|5546|5552|5556|5557|5560|5566|5583|5585|5591|5593|5601|5612|5616|5636|5640|5641|5649|5651|5658|5666|5681|5684|5686|5690|5702|5714|5716|5718|5727|5728|5735|5744|5761|5764|5766|5772|5774|5776|5778|5779|5784|5788|5793|5799|5805|5810|5818|5819|5822|5827|5828,157.16666666666666,True
instance_0009.txt,dinkelbach_mip,11,12,34,1|3|5|9|19|24|33|42|44|64|68,10|17|49|50|52|78|124|167|180|248|269|296,10|12|20|23|28|32|48|53|59|65|66|71|86|94|95|103|106|109|111|114|124|125|145|148|156|159|170|174|182|189|190|198|216|221,4.416666666666667,True
instance_0010.txt,dinkelbach_mip,0,0,0,,,,0.0,False
instance_0011.txt,dinkelbach_mip,337,87,887,0|1|5|6|10|11|17|20|22|23|25|27|29|30|31|36|39|41|46|50|54|56|57|66|70|79|83|86|89|99|101|104|107|109|110|111|112|120|124|126|130|132|134|135|137|138|140|143|150|153|155|157|159|160|164|171|175|177|180|184|185|188|191|193|196|199|201|205|208|212|217|221|223|226|227|231|237|238|243|244|251|255|259|261|264|265|266|267|268|269|273|283|284|285|289|291|292|296|297|299|301|302|307|308|309|312|313|314|315|323|326|330|339|340|341|344|345|348|349|352|355|356|358|359|360|366|368|369|374|375|378|380|384|385|387|389|393|394|397|399|400|402|404|406|412|413|419|429|430|433|435|436|438|442|443|445|447|448|450|451|452|455|460|464|468|469|470|472|474|476|480|487|491|493|495|499|500|501|504|507|509|513|515|518|519|520|522|528|531|538|540|547|548|553|558|559|560|562|563|566|571|572|573|576|582|588|598|601|603|606|611|617|618|620|627|629|630|631|632|634|636|640|642|643|644|650|651|652|653|655|656|658|660|663|666|667|670|671|672|673|677|680|682|695|696|699|709|710|712|716|722|729|730|731|732|738|742|743|746|747|749|750|753|754|759|761|762|764|765|767|768|769|774|789|793|799|802|804|807|809|812|813|818|820|824|825|826|828|833|842|849|850|860|861|862|864|869|877|879|880|885|890|891|892|893|896|897|908|915|924|929|934|939|941|943|947|956|965|968|972|974|976|985|988|990|991|992|996|997|999|1005|1007|1008|1014|1016|1019|1020,1|6|8|10|13|20|21|25|34|35|44|46|47|53|54|55|62|63|66|68|69|90|91|99|100|101|109|113|114|115|128|136|138|139|142|146|155|157|160|167|169|175|182|188|199|200|202|205|207|210|214|215|216|222|223|236|238|239|258|259|261|263|265|277|278|280|285|287|288|290|296|298|301|304|306|308|322|323|326|333|334|336|349|351|352|365|372,0|2|8|10|11|13|14|17|23|27|32|37|40|50|53|58|60|63|64|65|68|70|76|81|82|83|84|86|87|88|89|92|98|99|100|101|102|111|113|117|120|123|125|129|130|136|139|143|150|152|153|155|157|159|160|162|164|167|169|173|176|181|183|186|187|192|194|199|201|203|206|212|218|219|228|232|233|234|237|240|241|242|247|252|253|255|260|273|276|279|284|285|289|290|292|293|294|297|298|300|301|306|309|310|311|319|321|322|326|335|338|340|343|344|345|348|351|353|363|364|370|377|378|380|386|389|392|393|397|400|403|418|423|424|426|434|436|439|441|442|444|446|447|450|453|455|459|466|467|468|473|476|481|483|487|493|496|499|500|503|505|508|509|514|517|518|521|525|526|527|528|529|530|532|541|543|547|549|554|555|562|563|571|574|576|581|593|596|598|600|603|619|620|621|622|623|625|626|627|628|630|631|634|638|640|642|644|648|657|659|661|665|666|669|670|671|672|675|677|680|682|685|686|690|691|693|698|701|705|709|712|713|717|720|724|728|729|730|731|733|736|737|742|747|752|755|760|762|765|771|777|778|783|785|786|788|789|790|793|794|796|800|801|807|811|816|818|820|822|829|834|836|837|838|842|843|847|850|853|855|858|860|861|867|869|870|871|873|876|883|892|894|897|901|903|908|909|912|915|916|924|929|930|933|935|936|937|938|941|944|945|946|951|952|956|968|969|976|979|980|987|991|996|1000|1001|1002|1004|1019|1022|1025|1038|1042|1046|1047|1049|1050|1053|1054|1058|1063|1071|1073|1075|1077|1079|1081|1082|1085|1089|1091|1093|1095|1101|1102|1104|1107|1109|1112|1113|1115|1116|1117|1121|1123|1127|1131|1133|1135|1136|1137|1138|1141|1144|1151|1154|1160|1164|1165|1166|1168|1173|1177|1181|1182|1184|1187|1193|1195|1201|1206|1210|1212|1214|1223|1238|1240|1247|1253|1254|1263|1265|1268|1274|1279|1282|1286|1290|1293|1295|1297|1300|1304|1306|1308|1313|1315|1317|1322|1326|1329|1331|1332|1335|1339|1340|1346|1349|1350|1351|1355|1357|1361|1365|1371|1372|1374|1375|1379|1380|1381|1382|1384|1385|1386|1390|1401|1403|1412|1416|1421|1422|1424|1425|1426|1429|1430|1436|1441|1442|1446|1448|1449|1451|1455|1457|1459|1463|1466|1469|1477|1481|1488|1493|1494|1496|1499|1500|1513|1515|1516|1517|1522|1524|1525|1532|1533|1534|1540|1543|1544|1545|1549|1551|1554|1555|1561|1567|1570|1571|1573|1574|1579|1587|1591|1595|1596|1597|1599|1601|1602|1603|1605|1607|1608|1609|1610|1611|1617|1618|1620|1623|1626|1631|1633|1635|1643|1646|1647|1648|1649|1653|1659|1664|1665|1670|1672|1673|1674|1679|1684|1687|1688|1692|1693|1697|1699|1700|1701|1708|1710|1712|1721|1723|1725|1727|1742|1743|1745|1751|1754|1755|1756|1763|1769|1770|1773|1778|1779|1781|1786|1788|1792|1795|1797|1802|1804|1814|1815|1816|1819|1824|1826|1828|1829|1831|1832|1839|1842|1849|1850|1851|1856|1859|1863|1867|1868|1869|1870|1883|1884|1886|1893|1898|1899|1900|1903|1904|1908|1911|1912|1915|1917|1921|1924|1925|1928|1929|1932|1934|1935|1937|1938|1946|1948|1953|1954|1956|1958|1959|1960|1963|1966|1968|1971|1972|1973|1976|1979|1982|1985|1988|1990|1993|1996|1997|2002|2013|2015|2016|2017|2020|2021|2024|2028|2030|2032|2036|2040|2041|2042|2043|2047|2049|2054|2056|2059|2060|2068|2075|2076|2079|2083|2084|2090|2095|2103|2107|2113|2116|2118|2121|2122|2123|2129|2130|2131|2139|2142|2148|2155|2159|2162|2165|2169|2170|2171|2173|2175|2179|2184|2185|2194|2196|2198|2201|2203|2205|2210|2212|2215|2219|2226|2229|2231|2238|2242|2248|2250|2261|2264|2265|2270|2271|2273|2276|2278|2282|2285|2288|2289|2303|2305|2306|2307|2308|2309|2310|2311|2313|2319|2320|2324|2326|2327|2329|2335|2336|2337|2338|2339|2341|2342|2343|2350|2351|2354|2360|2366|2367|2381|2383|2384|2385|2387|2389|2398|2405|2408|2410|2411|2416|2418|2420|2421|2430|2432|2433|2438|2439|2440|2447|2448|2451|2453|2454|2455|2457|2462|2468|2470|2471|2473|2475|2476|2477|2486|2488|2495|2497|2501|2503|2505|2507|2510|2513|2518|2528|2530|2533|2536|2539|2541|2543|2544|2547|2552|2553|2554|2556|2560|2562|2563|2564|2573|2574|2577|2578|2581|2584|2587|2588|2591|2595|2599|2600|2606|2608|2610|2614|2619|2622|2624|2631|2634|2638|2639|2641|2643|2644|2646|2650|2655|2665|2667|2669|2670|2692|2707|2710|2711|2713|2715|2718|2720|2723|2724|2726|2731|2734|2736|2740|2745|2747|2750|2751|2752|2754|2756|2758|2760|2761|2763|2766|2768|2771|2777|2780,15.137931034482758,True
instance_0012.txt,dinkelbach_mip,8,4,14,25|81|89|97|103|105|112|125,31|101|144|181,16|30|52|75|85|99|103|114|119|191|226|228|248|303,11.25,True
instance_0013.txt,dinkelbach_mip,1300,13,1044,2|6|10|27|39|40|49|54|64|71|81|89|93|96|102|103|108|110|135|137|140|146|153|158|175|176|181|190|194|198|201|203|206|210|213|219|222|228|232|233|243|244|246|248|254|259|261|269|281|298|299|303|305|308|315|326|329|338|353|356|357|365|377|383|391|394|414|420|431|432|439|443|448|468|470|475|479|487|496|504|508|522|533|541|550|552|554|556|567|573|581|584|595|596|617|618|619|624|629|637|639|644|645|647|669|672|674|708|710|712|714|715|724|731|733|745|767|774|776|784|795|824|825|828|835|836|838|842|847|854|859|864|876|883|894|895|897|910|915|928|931|932|934|937|938|939|940|959|961|963|965|966|970|977|979|986|988|999|1007|1022|1036|1060|1062|1064|1076|1078|1102|1104|1108|1110|1114|1120|1122|1139|1152|1164|1170|1173|1183|1186|1191|1192|1195|1198|1214|1216|1222|1224|1226|1228|1229|1231|1234|1252|1254|1256|1273|1275|1276|1286|1293|1297|1306|1316|1318|1323|1333|1334|1336|1338|1345|1352|1357|1377|1399|1403|1426|1437|1440|1452|1454|1474|1476|1480|1481|1488|1493|1502|1503|1507|1510|1524|1525|1527|1541|1548|1550|1552|1553|1571|1574|1580|1591|1598|1603|1618|1625|1626|1629|1638|1644|1657|1658|1661|1672|1684|1690|1699|1701|1712|1713|1715|1716|1719|1722|1723|1736|1753|1757|1759|1761|1766|1780|1783|1786|1789|1797|1798|1803|1807|1811|1817|1818|1819|1833|1835|1839|1840|1841|1848|1854|1886|1895|1911|1915|1917|1925|1930|1938|1962|1964|1966|1971|1984|1987|1989|1993|1995|1996|2001|2006|2015|2016|2019|2030|2034|2036|2042|2046|2061|2062|2070|2079|2094|2137|2142|2149|2156|2162|2168|2187|2202|2203|2208|2233|2235|2239|2246|2249|2251|2254|2257|2280|2298|2300|2302|2309|2316|2320|2329|2344|2345|2351|2353|2354|2357|2372|2387|2400|2405|2419|2427|2449|2455|2456|2461|2462|2464|2471|2472|2478|2482|2487|2510|2512|2524|2529|2538|2546|2547|2549|2556|2570|2573|2576|2582|2587|2596|2597|2618|2619|2630|2634|2638|2647|2648|2649|2662|2663|2672|2678|2682|2684|2693|2703|2714|2717|2720|2721|2726|2740|2741|2747|2753|2760|2762|2763|2770|2783|2786|2793|2801|2803|2804|2805|2808|2812|2822|2829|2838|2841|2847|2850|2853|2866|2867|2870|2875|2879|2898|2901|2905|2906|2907|2911|2913|2944|2953|2954|2955|2958|2959|2971|2985|2987|2993|3000|3004|3007|3008|3010|3019|3027|3067|3068|3070|3074|3081|3094|3095|3099|3101|3108|3111|3127|3140|3143|3147|3150|3152|3156|3174|3177|3184|3189|3191|3200|3204|3210|3216|3217|3221|3224|3230|3253|3254|3256|3263|3269|3281|3285|3290|3311|3322|3329|3331|3333|3335|3340|3357|3362|3366|3367|3369|3378|3383|3397|3409|3438|3439|3445|3450|3451|3462|3467|3470|3479|3485|3488|3492|3497|3498|3507|3509|3512|3521|3541|3545|3547|3553|3555|3559|3568|3578|3593|3615|3620|3629|3631|3637|3640|3644|3645|3649|3651|3667|3674|3678|3679|3684|3690|3692|3708|3709|3716|3717|3741|3742|3745|3755|3768|3777|3779|3790|3791|3794|3801|3817|3836|3844|3848|3849|3850|3854|3856|3859|3867|3871|3874|3881|3894|3895|3898|3903|3909|3910|3924|3925|3927|3929|3947|3950|3952|3960|3972|3982|3987|3997|4002|4006|4033|4052|4054|4064|4076|4085|4088|4094|4100|4102|4111|4117|4122|4125|4133|4140|4144|4145|4154|4164|4176|4178|4180|4183|4191|4198|4206|4209|4211|4216|4220|4221|4225|4226|4236|4240|4251|4258|4264|4278|4281|4294|4296|4321|4335|4341|4352|4353|4367|4377|4384|4385|4386|4396|4402|4404|4410|4428|4430|4431|4432|4456|4477|4481|4484|4485|4495|4497|4499|4507|4510|4529|4532|4534|4536|4548|4557|4559|4560|4580|4589|4613|4622|4628|4630|4631|4637|4642|4645|4649|4666|4675|4689|4690|4693|4713|4724|4725|4739|4745|4747|4751|4752|4759|4770|4776|4783|4787|4789|4803|4805|4814|4821|4828|4833|4840|4849|4851|4857|4859|4866|4882|4891|4893|4902|4904|4920|4922|4923|4924|4925|4926|4931|4937|4938|4942|4945|4947|4963|4965|4966|4967|4972|4983|4986|4987|4989|4990|5002|5004|5010|5022|5038|5041|5049|5066|5067|5073|5074|5077|5087|5089|5102|5104|5113|5123|5135|5138|5140|5143|5144|5165|5168|5169|5175|5177|5184|5186|5188|5189|5204|5211|5212|5215|5221|5226|5229|5231|5235|5237|5239|5241|5242|5246|5261|5262|5264|5267|5268|5272|5276|5280|5284|5293|5297|5309|5310|5320|5323|5327|5334|5345|5355|5364|5371|5372|5374|5376|5385|5417|5419|5425|5426|5445|5454|5462|5464|5467|5469|5488|5495|5496|5514|5516|5519|5531|5534|5536|5538|5560|5564|5580|5587|5599|5605|5606|5609|5612|5614|5616|5618|5625|5628|5633|5635|5642|5653|5668|5670|5671|5677|5690|5704|5705|5709|5722|5725|5726|5736|5740|5744|5745|5748|5763|5766|5767|5768|5777|5779|5800|5804|5805|5808|5812|5813|5816|5822|5823|5837|5845|5846|5848|5853|5855|5856|5859|5861|5884|5885|5886|5894|5898|5917|5922|5926|5930|5940|5945|5947|5961|5967|5971|5978|5986|6000|6001|6009|6018|6021|6024|6029|6036|6040|6044|6047|6050|6055|6058|6062|6072|6075|6080|6099|6108|6111|6139|6153|6175|6176|6177|6189|6197|6200|6204|6213|6216|6222|6230|6238|6247|6251|6253|6256|6269|6270|6271|6276|6280|6285|6301|6314|6318|6319|6321|6323|6338|6340|6381|6383|6386|6387|6389|6394|6401|6403|6411|6419|6422|6428|6438|6449|6457|6458|6466|6473|6479|6489|6500|6518|6519|6526|6541|6549|6556|6571|6577|6578|6579|6580|6583|6603|6611|6612|6616|6627|6636|6647|6648|6657|6658|6663|6665|6672|6673|6674|6675|6679|6684|6689|6691|6692|6700|6702|6711|6715|6725|6726|6734|6743|6755|6756|6765|6775|6776|6780|6788|6792|6798|6809|6812|6834|6836|6843|6848|6849|6851|6852|6858|6865|6867|6870|6883|6884|6885|6890|6902|6905|6906|6907|6909|6913|6919|6926|6931|6951|6957|6962|6966|6967|6968|6986|6997|7000|7004|7006|7008|7016|7019|7029|7030|7039|7043|7052|7053|7057|7060|7063|7073|7083|7103|7108|7116|7118|7119|7134|7145|7155|7161|7163|7172|7184|7194|7198|7201|7209|7212|7214|7223|7246|7255|7260|7261|7264|7266|7267|7278|7283|7284|7289|7294|7298|7300|7306|7308|7309|7323|7332|7333|7334|7335|7346|7353|7354|7356|7362|7366|7373|7383|7394|7408|7412|7418|7427|7429|7430|7431|7433|7436|7441|7442|7443|7453|7455|7466|7468|7477|7485|7492|7500|7502|7507|7509|7510|7517|7533|7535|7546|7550|7552|7553|7554|7558|7560|7576|7606|7607|7616|7617|7622|7629|7630|7638|7639|7646|7647|7650|7652|7691|7701|7705|7740|7752|7759|7768|7778|7785|7789|7796|7797|7806|7810|7812|7815|7817|7822|7841|7846|7872|7886|7896|7898|7907|7909|7912|7921|7936|7938|7942|7948|7951|7953|7966|7969|7971|7974|7975|7981|7991|7993|7995|8009|8010|8014|8029|8031|8038|8042|8047|8052|8054|8066|8076|8081|8082|8084|8089|8090|8095|8107|8116|8124|8126|8131|8145|8152|8154|8161|8176|8189|8206|8210|8211|8216|8223|8227|8234|8240|8245|8250|8256|8267|8275|8277|8280|8284|8287|8290|8292|8297|8314|8316|8319|8326|8330|8336|8347|8349|8363|8365|8371,9|26|31|69|77|101|124|253|311|314|343|389|396,1|3|5|24|26|30|32|34|38|40|52|54|56|58|63|84|103|118|159|162|167|168|182|185|192|210|219|232|233|241|243|244|248|250|273|276|287|294|319|331|344|346|349|352|355|362|364|371|374|391|402|411|420|431|434|436|445|447|459|475|479|502|511|515|523|545|552|554|556|559|574|576|580|584|590|597|621|624|628|632|638|668|673|677|685|686|713|723|747|751|763|769|772|779|794|803|805|808|822|834|836|839|841|850|853|858|863|865|889|893|902|906|907|909|924|956|969|973|977|979|982|984|985|988|992|999|1000|1005|1007|1013|1020|1025|1033|1036|1049|1058|1076|1081|1088|1089|1119|1126|1142|1148|1161|1166|1168|1169|1171|1179|1185|1211|1224|1244|1260|1263|1264|1267|1271|1274|1276|1278|1285|1286|1293|1299|1313|1314|1323|1326|1329|1334|1352|1359|1361|1365|1367|1377|1386|1392|1395|1399|1400|1413|1416|1424|1443|1444|1451|1454|1477|1489|1495|1497|1510|1511|1516|1532|1533|1543|1551|1558|1571|1585|1588|1614|1621|1623|1625|1632|1638|1648|1666|1674|1705|1716|1717|1729|1738|1740|1743|1745|1748|1751|1753|1758|1761|1781|1785|1793|1795|1798|1802|1809|1814|1819|1832|1833|1835|1841|1844|1847|1852|1861|1866|1872|1874|1877|1881|1888|1911|1913|1922|1923|1925|1933|1941|1950|1957|1972|1974|1991|2005|2007|2011|2014|2017|2022|2023|2028|2035|2038|2039|2054|2058|2075|2086|2089|2096|2114|2124|2128|2130|2144|2157|2159|2161|2164|2165|2166|2174|2175|2180|2189|2193|2197|2209|2215|2216|2221|2224|2233|2257|2266|2271|2274|2276|2284|2287|2308|2312|2324|2331|2332|2334|2341|2344|2353|2356|2357|2361|2373|2388|2389|2395|2401|2407|2417|2423|2427|2429|2431|2433|2434|2449|2451|2464|2473|2487|2496|2498|2508|2510|2524|2528|2543|2546|2553|2562|2565|2578|2579|2580|2586|2591|2598|2601|2609|2611|2615|2617|2631|2633|2642|2646|2657|2659|2661|2672|2673|2679|2682|2688|2706|2714|2733|2750|2770|2779|2781|2791|2805|2806|2811|2816|2821|2830|2839|2856|2873|2888|2891|2899|2900|2910|2929|2936|2943|2956|2958|2967|2974|2981|2982|2986|2988|2992|3010|3015|3016|3017|3027|3040|3045|3081|3089|3096|3099|3110|3113|3118|3125|3127|3128|3148|3157|3160|3164|3166|3167|3170|3178|3200|3201|3220|3224|3238|3244|3248|3253|3262|3266|3278|3285|3292|3294|3301|3302|3304|3309|3323|3324|3330|3342|3346|3352|3354|3367|3372|3375|3382|3399|3400|3414|3427|3435|3441|3444|3451|3455|3462|3468|3471|3485|3486|3493|3496|3500|3508|3511|3512|3524|3525|3532|3542|3560|3566|3569|3572|3577|3579|3582|3584|3586|3589|3594|3596|3613|3614|3630|3631|3634|3650|3657|3661|3668|3669|3681|3686|3688|3701|3705|3710|3712|3713|3721|3723|3729|3733|3745|3752|3762|3769|3774|3777|3790|3796|3799|3801|3822|3826|3833|3835|3836|3841|3846|3848|3850|3872|3881|3882|3904|3925|3927|3928|3929|3931|3938|3955|3984|3985|3991|3997|4001|4002|4009|4021|4041|4048|4053|4058|4074|4077|4079|4103|4106|4110|4113|4118|4119|4138|4145|4154|4169|4176|4196|4197|4201|4214|4219|4226|4227|4236|4248|4258|4262|4266|4269|4272|4277|4297|4305|4307|4319|4327|4335|4344|4346|4349|4354|4357|4363|4371|4374|4380|4381|4392|4405|4410|4416|4442|4468|4480|4487|4499|4516|4517|4533|4535|4541|4563|4566|4568|4576|4583|4593|4597|4604|4608|4612|4622|4624|4639|4644|4646|4649|4653|4665|4671|4678|4681|4684|4694|4700|4706|4715|4720|4724|4729|4742|4755|4757|4758|4770|4787|4790|4793|4801|4808|4813|4814|4821|4828|4829|4831|4849|4850|4854|4856|4863|4873|4880|4883|4888|4896|4909|4938|4941|4952|4975|4987|4988|4994|5008|5026|5044|5052|5054|5061|5065|5066|5074|5086|5097|5103|5116|5121|5142|5150|5151|5153|5155|5162|5184|5188|5195|5198|5204|5207|5208|5220|5229|5250|5254|5260|5268|5269|5274|5275|5276|5277|5300|5303|5305|5306|5311|5314|5321|5328|5345|5347|5352|5355|5358|5363|5374|5390|5412|5414|5418|5424|5428|5439|5442|5443|5457|5461|5468|5481|5487|5492|5495|5502|5504|5508|5509|5510|5511|5516|5519|5520|5523|5529|5532|5533|5537|5550|5556|5560|5571|5574|5589|5600|5607|5610|5613|5623|5624|5630|5633|5640|5649|5653|5685|5698|5708|5714|5720|5721|5726|5736|5739|5740|5744|5800|5806|5807|5818|5836|5843|5856|5857|5858|5861|5865|5868|5877|5883|5888|5896|5901|5903|5908|5911|5917|5921|5938|5944|5946|5948|5954|5959|5964|5965|5975|5980|5982|5995|5997|5998|6006|6007|6018|6023|6024|6040|6044|6063|6065|6075|6086|6087|6092|6093|6095|6100|6102|6109|6117|6122|6127|6130|6137|6140|6142|6145|6149|6160|6166|6171|6172|6174|6177|6178|6182|6184|6188|6190|6202|6209|6215|6221|6230|6234|6237|6248|6249|6252|6255|6259|6286|6296|6304|6309|6312|6326|6327|6333|6334|6340|6351|6373|6380|6381|6386|6394|6399|6404|6409|6414|6424|6441|6448|6450|6451|6467|6472|6482|6483|6506|6530|6545|6555|6558|6571|6573|6578|6584|6588|6589|6598|6602|6603|6604|6606|6614|6639|6646|6647|6676|6677|6686|6689|6696|6712|6713|6728|6734|6736|6740|6745|6746|6747|6752|6754|6763|6802|6816|6819|6837|6838|6852|6860|6865|6867|6874|6880|6936|6944|6950|6952|6967|6968|6975|6988|6990|6993|6994|6999|7002|7011|7018|7020|7039|7045|7046|7055|7066|7072|7074|7086|7090|7093|7101|7123|7126|7137|7138|7142|7153|7154|7157|7161|7175|7192|7193|7197|7226|7230|7240|7260|7263|7293|7294|7296|7297|7307|7313|7333|7344|7347|7350|7353|7358|7365|7371|7372|7376|7379|7383|7394|7398|7415|7431|7434|7438|7441|7442|7449|7450|7453|7457|7458|7470|7473|7483|7484|7488|7500|7502|7503|7510|7521|7524,117.23076923076923,True
instance_0014.txt,dinkelbach_mip,1918,12,1678,1|11|28|34|48|49|53|56|61|75|81|92|102|106|108|117|119|123|125|130|136|143|149|152|154|157|196|210|228|232|241|249|251|257|274|294|298|310|321|330|333|334|335|366|373|379|383|387|388|397|405|410|417|422|423|428|429|430|434|443|452|464|468|469|480|489|492|497|531|533|540|542|562|571|576|579|580|586|596|616|621|624|633|651|656|658|674|677|686|687|697|698|704|725|733|752|758|770|772|774|778|782|784|787|791|793|798|803|804|813|832|842|854|859|888|897|900|907|908|928|931|934|935|938|945|954|962|963|965|968|972|977|984|985|1018|1022|1028|1037|1045|1062|1073|1074|1081|1092|1096|1100|1103|1109|1110|1113|1118|1121|1126|1137|1153|1155|1160|1167|1182|1186|1227|1236|1239|1248|1249|1253|1257|1277|1286|1299|1307|1309|1311|1320|1324|1334|1335|1353|1368|1375|1384|1387|1390|1394|1405|1407|1410|1411|1414|1425|1432|1440|1443|1445|1448|1450|1457|1460|1470|1473|1483|1497|1502|1508|1515|1520|1536|1547|1570|1573|1579|1584|1594|1596|1606|1617|1618|1620|1641|1654|1658|1659|1661|1663|1678|1681|1684|1689|1698|1701|1702|1703|1705|1706|1715|1720|1722|1723|1730|1735|1743|1749|1759|1760|1767|1774|1775|1786|1796|1801|1816|1818|1844|1845|1862|1873|1886|1889|1900|1901|1906|1916|1924|1956|1963|1965|1966|1974|1976|1981|1990|1993|2012|2014|2016|2018|2024|2026|2029|2034|2059|2060|2084|2100|2103|2111|2113|2131|2133|2142|2143|2160|2163|2169|2173|2177|2192|2194|2196|2203|2206|2220|2241|2252|2259|2275|2276|2279|2292|2296|2299|2304|2315|2320|2324|2329|2330|2331|2333|2335|2336|2342|2344|2359|2363|2364|2365|2367|2369|2375|2381|2393|2401|2407|2410|2417|2427|2435|2441|2447|2452|2459|2460|2461|2463|2468|2469|2482|2484|2486|2501|2502|2509|2518|2520|2522|2531|2532|2535|2536|2538|2543|2551|2552|2559|2560|2562|2568|2577|2579|2599|2609|2637|2652|2656|2665|2670|2676|2678|2687|2708|2709|2715|2721|2722|2733|2737|2742|2756|2758|2764|2772|2773|2784|2787|2789|2792|2796|2798|2799|2801|2818|2826|2828|2831|2834|2841|2845|2863|2875|2886|2892|2894|2895|2899|2900|2902|2908|2911|2925|2930|2935|2936|2938|2942|2947|2948|2955|2957|2967|2984|2987|2990|2993|2997|3007|3023|3030|3037|3046|3052|3056|3076|3077|3097|3106|3111|3119|3120|3122|3125|3134|3139|3144|3153|3154|3155|3157|3162|3166|3169|3171|3186|3198|3208|3212|3225|3228|3231|3237|3240|3241|3242|3249|3257|3261|3262|3274|3275|3288|3295|3297|3304|3307|3310|3315|3320|3323|3326|3329|3351|3362|3384|3400|3403|3406|3411|3412|3422|3426|3430|3432|3433|3435|3437|3442|3456|3459|3461|3465|3467|3468|3470|3471|3473|3478|3482|3491|3496|3508|3510|3524|3526|3537|3538|3542|3546|3548|3555|3563|3566|3570|3576|3578|3589|3608|3617|3620|3640|3644|3655|3660|3662|3673|3699|3701|3703|3707|3709|3713|3715|3720|3722|3730|3731|3734|3753|3756|3763|3768|3773|3776|3777|3787|3790|3791|3793|3794|3810|3817|3823|3829|3834|3841|3848|3855|3878|3881|3884|3885|3891|3896|3919|3920|3924|3926|3927|3929|3932|3934|3939|3942|3950|3954|3960|3963|3983|4006|4010|4029|4040|4067|4078|4080|4081|4084|4096|4099|4117|4118|4122|4129|4131|4132|4139|4147|4150|4158|4164|4173|4174|4178|4184|4203|4212|4235|4238|4240|4241|4242|4243|4244|4245|4250|4269|4283|4288|4289|4296|4297|4302|4314|4328|4331|4358|4364|4365|4366|4369|4384|4386|4396|4401|4405|4406|4409|4410|4411|4416|4419|4427|4429|4430|4432|4445|4463|4464|4465|4483|4486|4506|4522|4528|4539|4541|4545|4546|4566|4571|4572|4575|4581|4586|4594|4600|4606|4645|4651|4652|4661|4672|4673|4675|4687|4694|4698|4699|4702|4704|4719|4722|4724|4729|4730|4731|4732|4753|4760|4771|4774|4775|4791|4795|4811|4818|4821|4837|4838|4857|4858|4861|4862|4866|4867|4883|4889|4917|4937|4948|4957|4958|4962|4967|4978|4986|4988|4998|5002|5005|5010|5027|5028|5033|5043|5044|5046|5049|5051|5054|5075|5079|5081|5089|5099|5108|5112|5123|5128|5131|5138|5141|5144|5152|5160|5162|5172|5173|5178|5179|5181|5185|5188|5189|5200|5201|5203|5213|5229|5231|5259|5265|5267|5274|5296|5297|5302|5305|5307|5309|5310|5314|5327|5335|5336|5337|5338|5346|5350|5355|5358|5364|5365|5380|5381|5382|5386|5389|5390|5413|5414|5416|5423|5428|5433|5434|5441|5444|5447|5453|5457|5471|5472|5474|5502|5504|5506|5508|5509|5510|5514|5519|5526|5529|5543|5551|5559|5560|5570|5576|5583|5584|5586|5595|5632|5634|5636|5660|5668|5671|5679|5691|5695|5698|5699|5724|5729|5733|5735|5738|5748|5754|5759|5783|5786|5788|5792|5795|5800|5815|5821|5822|5837|5843|5845|5847|5850|5852|5858|5859|5860|5862|5869|5879|5880|5883|5885|5891|5893|5901|5912|5915|5921|5923|5924|5931|5938|5952|5957|5961|5963|5964|5966|5969|5970|5977|5985|5987|5988|6009|6025|6026|6029|6043|6047|6049|6064|6067|6073|6080|6097|6102|6106|6107|6121|6127|6137|6151|6164|6166|6185|6192|6194|6201|6203|6212|6218|6239|6241|6242|6245|6249|6257|6262|6264|6293|6300|6311|6317|6343|6344|6349|6350|6351|6360|6370|6372|6376|6377|6379|6392|6393|6398|6405|6410|6415|6420|6421|6424|6427|6431|6432|6445|6457|6465|6469|6479|6483|6488|6489|6493|6510|6517|6534|6536|6538|6547|6550|6558|6566|6571|6577|6580|6597|6602|6612|6619|6624|6627|6630|6631|6634|6635|6646|6654|6655|6659|6676|6679|6686|6688|6689|6701|6703|6704|6708|6715|6721|6722|6731|6733|6736|6760|6763|6770|6772|6773|6793|6795|6798|6805|6814|6815|6816|6818|6821|6833|6837|6849|6857|6864|6881|6884|6887|6890|6894|6898|6901|6906|6914|6915|6917|6918|6923|6925|6932|6934|6939|6940|6945|6948|6955|6962|6968|6981|6984|6989|6991|6993|6994|6997|7007|7010|7021|7022|7024|7033|7043|7045|7048|7050|7053|7060|7069|7073|7088|7089|7103|7107|7116|7126|7140|7144|7150|7155|7174|7182|7183|7188|7190|7194|7199|7206|7211|7215|7221|7222|7224|7238|7256|7269|7279|7281|7302|7305|7320|7336|7337|7345|7346|7349|7350|7352|7356|7357|7362|7363|7365|7371|7373|7374|7391|7405|7408|7409|7431|7439|7445|7449|7466|7467|7477|7480|7482|7487|7489|7497|7502|7526|7527|7546|7552|7553|7556|7565|7574|7584|7595|7609|7610|7616|7617|7621|7625|7631|7632|7633|7634|7638|7639|7642|7652|7653|7655|7662|7668|7680|7681|7685|7693|7699|7703|7708|7716|7722|7732|7738|7742|7787|7789|7794|7798|7812|7833|7848|7867|7868|7877|7880|7885|7887|7890|7896|7905|7916|7933|7948|7960|7963|7965|7970|7973|7974|7993|7994|8005|8017|8018|8023|8030|8034|8043|8060|8067|8068|8081|8085|8089|8090|8095|8110|8115|8132|8136|8142|8147|8153|8155|8163|8167|8190|8192|8193|8194|8204|8217|8220|8226|8227|8229|8237|8238|8241|8257|8269|8280|8283|8291|8295|8302|8315|8320|8322|8323|8347|8350|8369|8385|8390|8391|8395|8397|8411|8422|8439|8448|8449|8450|8452|8453|8459|8460|8466|8471|8473|8485|8489|8493|8507|8510|8514|8524|8527|8528|8541|8547|8550|8557|8560|8564|8567|8575|8577|8581|8585|8586|8595|8597|8598|8599|8601|8613|8627|8629|8630|8634|8636|8662|8664|8668|8673|8692|8695|8700|8715|8717|8722|8730|8734|8741|8744|8745|8755|8767|8768|8769|8770|8796|8800|8805|8819|8832|8849|8854|8887|8892|8905|8915|8918|8921|8923|8930|8935|8948|8952|8956|8963|8966|8967|8970|8976|8980|8981|8982|8987|8996|9004|9009|9012|9017|9022|9025|9028|9029|9035|9036|9037|9041|9045|9046|9057|9064|9079|9092|9094|9095|9096|9098|9104|9119|9122|9129|9131|9135|9137|9139|9152|9164|9171|9178|9183|9185|9186|9189|9190|9195|9200|9203|9206|9210|9218|9222|9225|9228|9255|9262|9268|9277|9287|9289|9290|9294|9295|9296|9297|9319|9327|9328|9330|9334|9337|9364|9366|9385|9388|9391|9395|9398|9406|9410|9412|9428|9449|9454|9463|9470|9490|9497|9499|9505|9516|9519|9526|9528|9542|9550|9552|9555|9556|9559|9563|9564|9582|9587|9593|9605|9608|9610|9611|9618|9623|9628|9636|9639|9646|9661|9662|9672|9674|9684|9686|9691|9700|9720|9728|9729|9730|9731|9734|9740|9749|9752|9753|9760|9768|9777|9789|9792|9795|9800|9805|9807|9808|9817|9818|9823|9843|9849|9852|9858|9865|9873|9875|9878|9881|9899|9910|9912|9915|9919|9922|9930|9935|9936|9942|9945|9952|9955|9958|9966|9968|9986|9990|10010|10012|10021|10023|10026|10046|10059|10081|10083|10101|10103|10105|10106|10109|10118|10119|10126|10130|10137|10142|10152|10160|10162|10171|10172|10178|10184|10185|10189|10204|10211|10213|10225|10231|10235|10245|10247|10250|10255|10262|10272|10293|10310|10311|10328|10335|10345|10349|10357|10359|10366|10368|10379|10384|10385|10399|10411|10418|10422|10427|10433|10434|10435|10437|10448|10449|10450|10458|10487|10507|10510|10517|10524|10532|10535|10538|10546|10547|10549|10550|10553|10554|10555|10557|10567|10568|10572|10592|10602|10606|10608|10610|10622|10626|10646|10647|10648|10650|10653|10655|10658|10659|10661|10667|10674|10683|10686|10701|10721|10725|10727|10733|10734|10736|10739|10740|10743|10745|10747|10782|10784|10789|10793|10796|10802|10813|10815|10817|10829|10832|10837|10844|10845|10856|10892|10895|10897|10908|10934|10945|10948|10949|10952|10957|10959|10962|10967|10969|10970|10978|10983|10986|10987|10988|10989|11004|11006|11009|11018|11021|11044|11046|11051|11052|11053|11054|11062|11071|11075|11076|11078|11083|11090|11091|11094|11098|11104|11124|11134|11136|11143|11155|11160|11164|11166|11192|11203|11205|11207|11211|11219|11220|11223|11229|11234|11236|11244|11256|11259|11274|11276|11277|11279|11282|11285|11287|11293|11295|11304|11307|11314|11344|11350|11351|11368|11371|11372|11386|11397|11400|11412|11434|11438|11442|11450|11463|11467|11468|11476|11478|11479|11486|11494|11506|11509|11512|11515|11517|11530|11542|11546|11554|11555|11564|11569|11571|11577|11580|11582|11585|11586|11587|11593|11598|11600|11607|11616|11632|11635|11653|11657|11658|11672|11690|11691|11693|11707|11716|11728|11729|11730|11731|11738|11740|11744|11748|11749|11760|11773|11775|11776|11777|11778|11783|11792|11801|11814|11816|11819|11821|11841|11847|11848|11857|11871|11875|11877|11890|11929|11931|11933|11938|11946|11948|11952|11955|11956|11960|11974|11983|11994|12010|12016|12037|12040|12044|12060|12064|12079|12083|12085|12088|12093|12095|12100|12101|12104|12108|12114|12116|12128|12133|12135|12138|12142|12147|12153|12154|12161|12170|12171|12176|12178|12181|12192|12194|12197|12200|12213|12218|12221|12224|12233|12240|12246|12250|12256|12257|12262|12263|12265|12269|12278|12281|12289|12307|12309|12318|12322|12326|12327|12331|12333|12344|12346|12348|12351|12362|12368|12369|12374|12376|12377|12378|12379|12386,2|11|53|69|76|98|140|149|155|367|392|398,8|15|22|29|32|41|43|53|55|66|77|84|91|98|107|109|115|116|127|134|142|144|149|166|179|181|194|205|208|213|214|217|219|232|238|239|254|257|264|265|266|272|277|282|290|291|319|330|340|344|350|353|354|371|375|385|388|389|390|406|407|408|413|418|421|435|443|455|458|461|479|481|490|493|515|518|549|559|571|581|586|598|609|617|637|639|642|643|652|660|669|672|677|680|687|692|696|708|717|719|721|723|727|728|736|745|748|760|762|768|775|785|793|798|803|815|820|825|827|852|857|858|859|863|880|900|918|921|922|928|930|935|937|940|946|961|962|981|988|991|994|995|1000|1003|1006|1008|1012|1021|1031|1051|1059|1076|1081|1087|1093|1095|1096|1102|1110|1117|1121|1125|1135|1143|1160|1162|1163|1164|1173|1183|1192|1195|1216|1220|1222|1227|1229|1231|1234|1246|1249|1263|1266|1267|1272|1278|1281|1287|1291|1302|1313|1330|1341|1346|1350|1361|1369|1370|1375|1377|1378|1386|1387|1389|1392|1395|1401|1411|1413|1434|1436|1441|1445|1451|1456|1460|1466|1469|1477|1483|1488|1493|1496|1500|1502|1526|1550|1551|1560|1561|1563|1566|1577|1584|1587|1600|1616|1619|1621|1622|1624|1627|1628|1632|1635|1637|1640|1644|1648|1659|1678|1684|1687|1689|1691|1698|1699|1702|1706|1708|1736|1743|1744|1745|1752|1758|1763|1765|1776|1780|1791|1792|1806|1808|1811|1818|1823|1830|1836|1847|1851|1854|1857|1866|1867|1875|1876|1881|1883|1907|1914|1915|1921|1931|1932|1936|1938|1947|1956|1967|1969|1974|1978|1981|1985|1988|1991|1995|2026|2040|2055|2058|2066|2069|2072|2078|2084|2087|2095|2099|2123|2129|2131|2133|2134|2137|2140|2150|2153|2167|2168|2180|2181|2185|2186|2195|2206|2207|2211|2215|2244|2248|2249|2253|2256|2257|2258|2259|2265|2269|2272|2273|2286|2289|2292|2293|2296|2300|2312|2327|2358|2365|2369|2383|2390|2399|2417|2420|2434|2437|2439|2451|2457|2467|2470|2485|2493|2494|2495|2499|2500|2505|2511|2522|2526|2530|2531|2542|2544|2554|2563|2564|2570|2584|2589|2596|2597|2612|2614|2642|2652|2657|2666|2675|2684|2689|2701|2703|2705|2707|2710|2712|2717|2720|2726|2728|2730|2731|2743|2762|2765|2768|2769|2771|2772|2778|2781|2791|2801|2808|2809|2817|2820|2831|2834|2835|2853|2858|2876|2881|2890|2893|2901|2910|2926|2930|2932|2935|2938|2943|2945|2957|2964|2966|2972|2974|2981|2996|3003|3022|3029|3034|3043|3055|3071|3085|3087|3090|3092|3095|3100|3101|3105|3116|3117|3118|3128|3136|3138|3143|3153|3157|3163|3164|3173|3175|3177|3179|3180|3184|3198|3201|3202|3204|3217|3222|3224|3234|3236|3245|3246|3247|3258|3266|3272|3273|3281|3283|3284|3297|3313|3314|3316|3317|3333|3343|3359|3360|3373|3375|3377|3380|3385|3399|3403|3407|3420|3422|3424|3428|3435|3436|3442|3444|3452|3453|3465|3467|3476|3478|3486|3493|3499|3500|3502|3504|3513|3515|3524|3529|3530|3538|3546|3565|3568|3570|3586|3587|3588|3598|3599|3612|3615|3617|3620|3631|3637|3643|3657|3703|3727|3729|3742|3749|3756|3758|3761|3779|3781|3798|3808|3812|3823|3834|3839|3845|3853|3854|3857|3859|3862|3883|3890|3893|3899|3902|3903|3915|3916|3924|3926|3935|3939|3943|3977|3982|3986|3990|3995|3999|4004|4009|4012|4016|4029|4035|4046|4051|4073|4075|4080|4089|4100|4116|4120|4122|4124|4126|4131|4134|4137|4147|4153|4155|4162|4163|4173|4181|4185|4194|4197|4200|4209|4211|4212|4213|4217|4224|4229|4234|4236|4238|4245|4246|4249|4255|4257|4259|4261|4267|4268|4292|4294|4296|4300|4307|4308|4310|4325|4326|4329|4330|4333|4352|4355|4356|4360|4373|4380|4382|4387|4395|4396|4398|4405|4408|4409|4427|4428|4445|4448|4451|4454|4458|4469|4475|4490|4492|4495|4505|4524|4527|4530|4536|4542|4547|4554|4561|4565|4576|4581|4591|4592|4598|4613|4616|4619|4620|4627|4637|4653|4658|4663|4687|4695|4697|4701|4706|4712|4713|4716|4723|4724|4725|4729|4739|4742|4743|4744|4747|4782|4783|4796|4800|4805|4811|4818|4819|4822|4823|4824|4829|4832|4833|4834|4843|4845|4847|4851|4853|4861|4868|4870|4872|4878|4883|4892|4895|4898|4902|4906|4912|4923|4926|4934|4949|4956|4971|4972|4983|4987|4991|4994|4999|5006|5023|5026|5027|5031|5034|5038|5062|5068|5079|5087|5097|5098|5109|5110|5113|5118|5126|5133|5136|5141|5143|5147|5153|5159|5160|5162|5163|5165|5166|5172|5197|5199|5208|5209|5233|5235|5243|5247|5257|5262|5267|5278|5282|5283|5284|5285|5292|5306|5310|5312|5320|5323|5325|5330|5331|5343|5346|5349|5362|5387|5388|5389|5398|5401|5414|5415|5421|5429|5439|5446|5461|5469|5472|5476|5480|5491|5496|5497|5501|5505|5510|5521|5536|5540|5544|5556|5557|5558|5560|5565|5566|5567|5578|5589|5610|5615|5617|5626|5641|5642|5648|5656|5658|5660|5676|5678|5679|5682|5689|5692|5695|5698|5703|5709|5713|5722|5724|5725|5732|5737|5741|5746|5747|5754|5778|5810|5813|5819|5825|5828|5831|5832|5843|5848|5851|5852|5860|5864|5869|5875|5876|5882|5898|5899|5902|5906|5912|5926|5970|5975|5983|5994|5996|6000|6014|6034|6037|6039|6040|6044|6049|6065|6069|6073|6074|6094|6095|6100|6103|6117|6135|6143|6145|6150|6155|6156|6162|6183|6187|6190|6194|6195|6199|6201|6217|6223|6234|6238|6239|6245|6246|6253|6259|6261|6263|6268|6276|6278|6289|6298|6314|6318|6324|6325|6326|6331|6344|6347|6350|6356|6408|6414|6416|6417|6428|6434|6436|6442|6449|6451|6452|6465|6468|6473|6479|6484|6486|6492|6493|6501|6504|6511|6512|6524|6525|6529|6532|6549|6555|6557|6559|6566|6573|6574|6592|6602|6623|6629|6630|6642|6656|6659|6663|6669|6671|6679|6711|6726|6727|6732|6737|6740|6749|6759|6764|6770|6780|6783|6793|6795|6801|6806|6815|6825|6832|6833|6839|6845|6848|6856|6858|6870|6872|6874|6885|6886|6898|6914|6935|6959|6964|6977|6979|6980|6994|7019|7031|7039|7044|7045|7058|7062|7067|7068|7073|7079|7081|7082|7084|7085|7096|7104|7106|7116|7124|7125|7131|7143|7152|7159|7164|7170|7173|7175|7185|7189|7198|7208|7211|7212|7217|7220|7238|7255|7258|7265|7275|7283|7285|7288|7291|7317|7333|7338|7342|7343|7345|7355|7361|7363|7365|7387|7393|7408|7410|7429|7457|7458|7461|7462|7466|7477|7486|7487|7497|7521|7524|7526|7530|7532|7564|7570|7574|7577|7587|7588|7609|7612|7613|7620|7622|7624|7640|7644|7645|7656|7667|7669|7670|7676|7678|7691|7699|7701|7704|7712|7713|7717|7719|7721|7724|7728|7732|7749|7751|7759|7763|7765|7767|7780|7781|7782|7786|7789|7793|7819|7857|7862|7863|7865|7866|7867|7870|7875|7876|7881|7882|7884|7887|7888|7890|7892|7893|7899|7902|7912|7915|7919|7920|7923|7927|7931|7935|7940|7948|7950|7958|7961|7998|8003|8006|8009|8020|8024|8034|8035|8036|8046|8052|8074|8078|8081|8091|8109|8110|8126|8146|8149|8161|8168|8170|8178|8206|8210|8216|8220|8222|8231|8234|8239|8243|8247|8252|8259|8261|8293|8302|8315|8322|8328|8342|8343|8346|8351|8361|8363|8364|8366|8368|8378|8387|8398|8399|8411|8413|8423|8426|8436|8468|8469|8477|8479|8496|8505|8516|8531|8536|8546|8549|8554|8555|8558|8568|8570|8582|8592|8599|8602|8603|8606|8612|8617|8636|8639|8642|8646|8649|8657|8659|8674|8693|8697|8705|8726|8731|8741|8753|8754|8758|8772|8776|8784|8808|8814|8834|8851|8853|8860|8863|8867|8873|8880|8888|8902|8905|8907|8910|8912|8922|8930|8936|8944|8948|8956|8962|8963|8968|8974|8978|8981|8984|8993|8996|8998|9001|9008|9011|9014|9015|9016|9022|9023|9040|9041|9048|9051|9067|9072|9075|9088|9089|9095|9100|9111|9117|9125|9127|9132|9141|9145|9154|9163|9180|9181|9186|9189|9192|9212|9241|9243|9244|9246|9250|9251|9252|9253|9257|9258|9266|9270|9273|9280|9289|9292|9299|9302|9310|9313|9319|9323|9328|9330|9331|9345|9353|9355|9360|9369|9373|9379|9381|9385|9386|9408|9412|9426|9434|9443|9445|9451|9453|9468|9472|9482|9492|9506|9517|9541|9542|9544|9548|9559|9564|9568|9571|9574|9576|9578|9588|9589|9593|9601|9608|9610|9623|9629|9644|9653|9666|9669|9672|9675|9684|9699|9700|9714|9726|9729|9730|9742|9758|9760|9761|9769|9771|9775|9782|9791|9802|9804|9806|9818|9823|9824|9830|9835|9839|9844|9855|9873|9877|9879|9891|9894|9899|9901|9907|9913|9917|9919|9922|9929|9950|9968|9975|10005|10006|10010|10015|10017|10018|10024|10027|10030|10041|10042|10069|10072|10088|10093|10110|10113|10115|10130|10134|10140|10141|10143|10144|10151|10156|10158|10166|10171|10185|10186|10192|10198|10207|10214|10216|10225|10232|10244|10245|10252|10257|10258|10262|10265|10266|10268|10273|10286|10287|10295|10301|10302|10303|10305|10312|10313|10314|10319|10331|10341|10345|10363|10367|10373|10376|10386|10387|10389|10391|10393|10397|10405|10409|10415|10422|10431|10433|10457|10458|10466|10470|10473|10485|10486|10488|10498|10499|10524|10534|10543|10546|10550|10554|10556|10560|10578|10587|10588|10590|10598|10602|10611|10612|10621|10628|10633|10642|10648|10656|10673|10675|10703|10719|10737|10741|10748|10758|10772|10773|10776|10781|10786|10787|10790|10798|10801|10803|10806|10813|10816|10825|10832|10834|10844|10845|10848|10850|10852|10870|10876|10880|10889|10895|10900|10904|10906|10907|10908|10913|10915|10917|10924|10925|10941|10955|10963|10968,175.83333333333334,True
instance_0015.txt,dinkelbach_mip,399,3,355,16|52|69|80|109|135|153|167|188|228|250|270|294|298|299|315|316|338|343|360|364|370|410|413|415|426|480|497|501|535|536|551|584|595|648|674|717|719|723|735|740|744|749|799|809|823|858|866|870|881|895|897|901|915|953|961|983|1015|1020|1029|1032|1053|1075|1086|1094|1112|1167|1178|1198|1201|1204|1211|1230|1255|1275|1282|1290|1296|1306|1315|1331|1372|1380|1422|1429|1503|1528|1573|1584|1597|1602|1616|1648|1654|1677|1708|1720|1727|1744|1745|1768|1807|1822|1839|1856|1875|1880|1903|1923|1986|2076|2093|2105|2122|2137|2144|2156|2180|2184|2201|2225|2245|2271|2285|2323|2324|2349|2362|2417|2418|2458|2474|2490|2564|2595|2599|2624|2648|2681|2698|2701|2707|2788|2791|2801|2820|2871|2897|2938|2970|2986|3067|3082|3109|3131|3137|3170|3189|3201|3223|3226|3240|3268|3308|3322|3370|3375|3410|3488|3535|3562|3567|3577|3593|3602|3603|3612|3614|3615|3622|3632|3634|3650|3658|3695|3702|3703|3713|3727|3760|3772|3791|3794|3814|3818|3821|3831|3839|3856|3869|3877|3935|3937|3960|3961|3970|3980|4004|4009|4036|4090|4094|4106|4107|4112|4176|4181|4207|4231|4237|4254|4269|4304|4305|4321|4336|4338|4349|4359|4360|4365|4374|4403|4405|4427|4484|4487|4489|4492|4515|4521|4525|4529|4554|4564|4573|4608|4612|4615|4618|4623|4627|4636|4649|4665|4669|4673|4717|4722|4740|4742|4801|4824|4838|4863|4869|4873|4876|4906|4912|4932|4969|4970|4987|5004|5025|5027|5056|5105|5147|5150|5155|5163|5169|5195|5205|5239|5282|5289|5329|5340|5389|5390|5423|5451|5453|5463|5489|5525|5532|5548|5575|5594|5602|5606|5623|5625|5670|5672|5682|5748|5772|5777|5778|5837|5857|5859|5867|5890|5904|5906|5926|5945|5953|5955|6048|6058|6059|6074|6138|6147|6149|6173|6210|6241|6262|6316|6348|6366|6406|6430|6456|6462|6477|6489|6511|6530|6537|6540|6558|6571|6580|6591|6652|6663|6673|6686|6706|6725|6731|6739|6753|6778|6801|6817|6837|6842|6904|6909|6941|6950|6976|6991|7004|7013|7038|7057|7062|7101|7138|7141|7168|7171|7178|7179|7185|7188|7189|7215|7248|7288|7289|7296|7314|7327|7330|7347|7350|7355,10|353|386,5|11|64|69|95|98|124|131|151|153|191|202|225|248|259|270|303|422|426|437|454|473|519|525|526|529|532|538|555|582|613|616|619|630|661|665|671|673|676|677|685|737|753|762|777|778|797|826|831|834|843|853|854|890|900|945|958|985|1013|1033|1037|1074|1085|1120|1125|1135|1141|1164|1190|1222|1228|1235|1240|1261|1266|1292|1323|1344|1378|1391|1403|1454|1475|1491|1520|1521|1532|1572|1579|1615|1644|1648|1649|1660|1664|1695|1701|1735|1746|1755|1757|1759|1790|1810|1835|1849|1873|1879|1900|1917|1926|1943|1966|1967|2012|2023|2028|2029|2047|2060|2076|2095|2101|2128|2169|2174|2221|2253|2273|2274|2276|2344|2350|2410|2411|2412|2420|2426|2428|2439|2453|2511|2512|2520|2528|2599|2620|2648|2678|2680|2687|2737|2747|2758|2824|2826|2843|2848|2853|2868|2899|2901|2942|2945|2947|2954|2965|2971|2991|3007|3012|3049|3057|3109|3166|3201|3211|3227|3243|3246|3254|3295|3317|3363|3385|3387|3391|3395|3402|3464|3467|3484|3486|3495|3512|3551|3570|3599|3620|3629|3630|3632|3651|3653|3665|3679|3699|3712|3718|3740|3764|3766|3810|3826|3828|3860|3902|3924|3972|3991|4005|4011|4035|4036|4054|4056|4066|4081|4094|4110|4122|4138|4159|4191|4218|4242|4268|4283|4287|4326|4327|4342|4361|4363|4381|4402|4405|4416|4543|4546|4552|4581|4616|4629|4652|4660|4667|4689|4723|4725|4727|4747|4751|4800|4801|4812|4841|4848|4880|4881|4886|4905|4938|4948|4951|4954|4959|4973|5000|5007|5030|5050|5093|5097|5110|5142|5164|5189|5202|5229|5242|5255|5297|5306|5317|5334|5339|5371|5393|5403|5466|5479|5518|5527|5571|5576|5577|5578|5585|5641|5692|5734|5761|5792|5824|5828|5859|5899|5967|5984|6016|6021|6058|6085|6091|6100|6120|6127|6143|6146|6151|6155|6158|6189|6200|6205|6325|6338|6345|6352|6360|6405|6418|6424|6444|6462|6468|6482|6495|6508|6536|6562|6573|6574|6594,149.33333333333334,True
instance_0016.txt,dinkelbach_mip,170,2,158,0|1|12|15|17|18|24|25|35|37|42|47|53|57|59|63|67|69|71|84|89|98|107|120|126|129|133|140|141|144|146|150|152|162|172|184|185|189|191|193|200|202|214|221|224|232|238|240|245|260|268|272|283|287|290|305|316|318|325|326|333|349|350|358|365|366|384|392|398|417|424|441|460|461|519|524|532|534|538|540|549|551|561|563|569|570|574|575|577|579|580|581|585|589|598|601|612|629|642|644|655|661|664|677|683|696|701|720|729|732|741|756|764|767|769|778|779|786|794|797|798|800|810|811|814|819|823|826|829|832|847|849|861|863|868|878|882|887|893|899|911|913|914|917|920|923|926|941|947|954|965|972|973|977|984|989|995|1007|1011|1015|1021|1023|1040|1051|1071|1075|1076|1089|1097|1098,35|53,9|34|45|47|49|58|69|93|98|104|114|117|124|133|138|145|147|169|172|186|189|194|213|216|217|226|228|240|250|253|257|274|276|285|293|298|303|308|314|315|327|334|348|355|367|368|373|376|390|393|402|404|409|413|414|437|439|441|444|447|452|455|462|467|474|481|482|492|498|499|504|507|512|529|539|540|544|553|554|557|570|572|579|580|587|596|597|599|604|611|615|629|633|634|644|647|659|668|669|674|675|677|684|685|693|709|725|727|733|737|738|743|749|757|759|761|783|786|791|793|796|802|804|820|824|841|845|875|878|884|886|897|904|906|907|910|912|923|930|937|940|969|971|972|973|974|977|983|992|996|997|998|1001|1003|1010|1015|1028|1046,85.0,True
instance_0017.txt,dinkelbach_mip,73,2,73,0|3|16|26|27|33|44|45|47|49|52|64|78|84|85|92|93|101|103|106|109|110|113|114|128|136|138|152|153|154|155|171|183|192|201|203|209|213|217|221|222|227|232|239|241|257|264|266|268|288|290|291|312|316|318|328|331|333|335|343|350|353|356|364|368|369|374|377|381|398|411|412|416,1|18,0|9|22|29|36|37|39|43|55|67|71|82|84|97|98|101|105|107|111|117|120|124|125|127|133|134|140|151|155|161|163|164|173|182|189|190|194|195|197|201|212|216|219|220|224|225|226|238|244|249|266|278|284|292|298|299|301|305|323|336|339|343|352|361|365|368|374|378|380|388|390|392|395,36.5,True
instance_0018.txt,dinkelbach_mip,501,5,444,14|17|18|19|35|38|44|45|50|55|60|61|63|65|69|71|75|88|95|99|103|107|110|114|124|133|143|157|158|159|162|167|172|175|191|198|212|218|224|225|227|237|239|243|265|274|275|281|283|298|299|305|307|309|313|316|318|334|335|337|338|341|344|359|364|368|372|373|374|375|377|380|389|398|400|401|405|406|409|424|425|433|435|436|445|454|455|456|458|461|462|465|476|484|487|503|510|516|520|523|525|529|535|536|558|576|595|610|612|614|637|640|646|653|663|664|665|677|685|686|689|696|705|706|708|710|711|713|725|732|733|738|739|748|760|765|768|776|778|782|783|791|800|804|811|818|823|829|834|840|841|843|859|866|868|871|875|880|884|896|905|912|921|922|930|932|934|940|945|949|952|956|960|966|988|992|999|1002|1006|1007|1016|1021|1032|1033|1045|1046|1050|1052|1063|1064|1071|1077|1079|1080|1118|1135|1136|1142|1152|1155|1165|1169|1170|1171|1173|1174|1182|1184|1188|1189|1192|1198|1204|1215|1220|1226|1231|1234|1235|1237|1243|1246|1247|1248|1251|1253|1260|1266|1278|1297|1298|1304|1305|1306|1311|1314|1322|1329|1343|1346|1365|1371|1372|1374|1385|1392|1403|1407|1409|1411|1412|1416|1418|1420|1422|1434|1436|1446|1453|1457|1471|1472|1478|1480|1501|1506|1514|1515|1527|1529|1532|1537|1543|1544|1546|1547|1549|1560|1561|1562|1563|1566|1573|1574|1579|1581|1588|1590|1593|1594|1599|1605|1609|1611|1617|1619|1621|1636|1641|1655|1656|1660|1667|1668|1674|1676|1687|1688|1690|1699|1700|1702|1708|1710|1714|1733|1735|1736|1738|1751|1752|1756|1770|1778|1779|1785|1787|1788|1790|1803|1818|1819|1824|1827|1828|1843|1845|1850|1856|1859|1863|1865|1874|1892|1923|1925|1928|1935|1939|1941|1950|1952|1955|1959|1971|1973|1996|2004|2008|2018|2026|2031|2038|2045|2050|2066|2083|2086|2092|2093|2113|2114|2116|2126|2130|2131|2146|2151|2152|2165|2168|2169|2172|2176|2178|2185|2190|2195|2198|2200|2207|2213|2215|2217|2223|2224|2237|2238|2239|2246|2247|2248|2259|2265|2266|2283|2292|2297|2302|2304|2305|2319|2323|2328|2329|2343|2349|2354|2361|2363|2369|2370|2373|2383|2390|2391|2392|2401|2413|2414|2416|2418|2423|2424|2425|2426|2429|2433|2434|2436|2437|2439|2444|2446|2447|2449|2452|2453|2456|2457|2458|2460|2461|2465|2472|2474|2486|2488|2489|2515|2517|2520|2524|2525|2533|2538|2541|2545|2549|2559|2563|2569|2570|2571|2572|2573|2576|2578|2580|2582|2583|2586|2588|2593|2601|2603|2604|2610|2611|2621|2626|2632|2634|2639|2642|2654|2658|2664|2669|2673|2677,13|21|37|40|78,3|6|7|9|15|27|34|37|43|48|50|51|53|55|61|62|66|67|69|70|76|82|91|96|99|103|104|110|112|119|122|127|130|133|141|151|160|168|172|173|189|197|204|212|216|218|226|232|233|237|242|247|248|253|261|262|268|271|283|286|289|292|293|295|298|299|306|307|325|330|331|335|342|343|346|347|348|355|365|366|378|386|387|393|395|397|400|404|405|407|408|421|423|425|436|453|456|458|461|470|472|500|506|515|519|523|531|533|535|550|571|585|596|597|605|607|612|622|626|627|633|634|639|640|651|659|672|675|690|692|695|702|703|706|713|715|718|740|744|755|762|763|766|789|794|802|803|809|813|817|818|819|826|827|830|831|848|853|855|857|858|859|864|869|872|878|889|891|895|897|906|913|914|915|916|926|931|939|944|948|953|957|958|959|960|967|978|982|985|987|991|994|999|1016|1021|1028|1039|1046|1049|1053|1054|1063|1064|1071|1075|1079|1085|1086|1087|1103|1104|1108|1113|1117|1118|1127|1130|1131|1147|1153|1154|1156|1157|1167|1174|1175|1179|1182|1184|1186|1187|1188|1189|1195|1198|1199|1202|1203|1205|1214|1216|1218|1223|1231|1233|1240|1241|1242|1253|1256|1259|1264|1268|1271|1277|1286|1287|1305|1308|1312|1316|1318|1327|1337|1341|1343|1344|1347|1352|1356|1359|1366|1368|1369|1373|1383|1384|1388|1389|1390|1398|1401|1417|1418|1423|1425|1433|1467|1482|1485|1486|1498|1499|1500|1503|1513|1516|1517|1519|1521|1523|1529|1535|1538|1544|1546|1549|1550|1551|1552|1562|1563|1567|1572|1577|1588|1590|1591|1606|1607|1612|1625|1628|1630|1632|1639|1640|1650|1657|1665|1667|1671|1683|1691|1694|1701|1704|1708|1717|1719|1720|1730|1736|1738|1742|1743|1746|1750|1753|1757|1761|1770|1773|1780|1781|1782|1788|1789|1795|1809|1812|1814|1816|1818|1823|1827|1833|1843|1850|1855|1857|1861|1870|1871|1876|1890|1905|1911|1916|1920|1938|1947|1957|1960|1964|1971|1985|1994|1999|2016|2024|2025|2029|2043|2045|2055|2067|2069|2080|2086|2088|2098|2104|2112|2114|2116|2119|2122|2123|2128|2132|2136|2152|2157|2168|2172|2179|2185|2186|2197|2202|2210|2211|2214|2216|2222|2223|2232|2239|2240|2245|2248|2250|2251|2255|2256|2259|2266|2269|2285|2288|2295|2298|2303,117.2,True
instance_0019.txt,dinkelbach_mip,184,1,169,12|14|20|34|60|81|87|107|108|132|141|144|179|215|243|248|282|296|301|318|334|339|340|341|352|356|366|375|389|393|402|428|431|449|460|475|487|501|513|520|524|534|536|537|543|547|555|565|586|600|608|623|681|708|710|722|729|744|756|760|774|799|801|806|807|817|825|826|829|831|842|857|947|957|962|979|984|988|1002|1016|1045|1046|1065|1069|1119|1124|1131|1145|1167|1178|1182|1199|1219|1227|1231|1237|1254|1258|1275|1282|1315|1331|1340|1353|1361|1377|1382|1384|1394|1395|1412|1414|1431|1454|1468|1477|1479|1484|1485|1509|1527|1542|1544|1553|1587|1616|1625|1645|1653|1688|1708|1733|1737|1746|1750|1764|1777|1778|1820|1830|1868|1883|1910|1939|1966|1976|1981|2019|2030|2037|2043|2060|2070|2094|2095|2099|2114|2122|2128|2131|2132|2150|2156|2182|2185|2191|2209|2211|2219|2222|24|634|676|985|1703|1806|1954|2025|2110|2149|2199|178|1183|1661,38,25|26|30|32|47|57|74|83|88|96|106|122|123|126|132|139|154|156|166|189|201|203|224|241|248|256|258|267|279|280|284|290|293|298|309|314|315|330|341|379|381|394|401|415|416|445|454|458|478|483|494|500|533|559|566|571|586|601|640|642|656|669|693|698|701|717|786|789|802|852|862|883|885|890|903|921|948|965|966|976|977|990|1001|1005|1021|1036|1063|1066|1067|1074|1085|1128|1132|1149|1154|1165|1178|1183|1188|1195|1196|1201|1218|1230|1239|1257|1263|1279|1285|1298|1312|1328|1371|1380|1390|1392|1399|1417|1442|1448|1452|1454|1497|1503|1520|1586|1589|1602|1608|1623|1627|1657|1659|1668|1671|1672|1687|1701|1744|1763|1780|1788|1825|1831|1848|1857|1867|1882|1893|1894|1905|1911|1939|1946|1960|1968|1983|1997|2000|2006|2020|2023|2034|2039|2042|2058|2066|2072|2091,202.0,True
instance_0020.txt,dinkelbach_mip,4,2,5,4|1|2|0,1|3,0|1|2|3|4,5.0,True
